id,last,first,pos
5406,Aaltonen,Miro,C
5263,Abbott,Spencer,LW
4419,Abdelkader,Justin,LW
11861,Abeltshauser,Konrad,D
9554,Aberg,Pontus,LW
5927,Acciari,Noel,C
12045,Acolatse,Sena,D
5249,Acton,Will,C
4897,Adam,Luke,C
236,Adams,Craig,RW
5802,Addison,Jeremiah,LW
527,Aebischer,David,G
446,Afanasenkov,Dmitri,LW
160,Afinogenov,Maxim,RW
5353,Agostino,Kenny,LW
5234,Agozzino,Andrew,LW
5704,Ahl,Filip,LW
4537,Ahnelov,Jonas,D
5630,Aho,Sebastian,RW
5208,Aittokallio,Sami,G
5223,Akeson,Jason,RW
635,Albelin,Tommy,D
5303,Albert,John,C
3700,Alberts,Andrew,D
11787,Alderson,Brandon,RW
4491,Aliu,Akim,RW
422,Allen,Bryan,D
5107,Allen,Jake,G
4220,Allen,Bobby,D
5318,Allen,Conor,D
717,Allison,Jamie,D
1019,Allison,Jason,C
4768,Almond,Cody,C
5287,Almquist,Adam,D
5541,Alt,Mark,D
11725,Altshuller,Daniel,G
12465,Alves,Jorge,G
4554,Alzner,Karl,D
12009,Amadio,Michael,C
12485,Anas,Sam,C
12011,Andersen,Niclas,D
5109,Andersen,Frederik,G
5151,Anderson,Matt,RW
5513,Anderson,Josh,RW
757,Anderson,Craig,G
4849,Andersson,Jonas,RW
5056,Andersson,Joakim,C
5392,Andersson,Peter,D
5647,Andersson,Rasmus,D
5465,Andreoff,Andy,LW
5494,Andrighetto,Sven,RW
5070,Angelidis,Mike,LW
1008,Angelstad,Mel,LW
4620,Anisimov,Artem,C
575,Antropov,Nikolai,C
12262,Appleby,Kenneth,G
5763,Appleton,Mason,C
5929,Archibald,Josh,RW
5280,Archibald,Darren,RW
5162,Arcobello,Mark,C
5505,Armia,Joel,RW
273,Armstrong,Derek,C
4541,Armstrong,Riley,RW
4694,Armstrong,John,C
4917,Arniel,Jamie,C
5382,Arnold,Bill,C
5849,Arnold,Scott,D
38,Arnott,Jason,C
4732,Arsene,Dean,D
3740,Artyukhin,Evgeny,RW
423,Arvedson,Magnus,LW
5538,Arvidsson,Viktor,LW
115,Asham,Arron,RW
5086,Ashton,Carter,RW
12287,Aston-Reese,Zachary,C
11856,Asuchak,Spencer,C
5853,Athanasiou,Andreas,C
5011,Atkinson,Cam,RW
829,Aubin,Jean-Sebastien,G
330,Aubin,Serge,C
11866,Aubry,Louis-Marc,C
116,Aucoin,Adrian,D
3856,Aucoin,Keith,RW
198,Audette,Donald,RW
5160,Audy-Marchessault,Jonathan,C
12049,Auger,Justin,RW
823,Auld,Alexander,G
4912,Aulie,Keith,D
3494,Aulin,Jared,C
12293,Austin,Brady,D
10080,Auvitu,Yohann,D
95,Axelsson,P.J.,LW
883,Babchuk,Anton,D
3815,Bacashihua,Jason,G
4922,Bachman,Richard,G
5727,Bachman,Karch,LW
4179,Backes,David,C
4776,Backlund,Johan,G
4609,Backlund,Mikael,C
630,Backman,Christian,D
4037,Backstrom,Niklas,G
4264,Backstrom,Nicklas,C
12024,Baddock,Brandon,LW
4998,Baertschi,Sven,LW
4847,Bagnall,Drew,D
4469,Bailey,Jason,RW
4527,Bailey,Joshua,LW
5539,Bailey,Casey,C
5913,Bailey,Justin,C
4458,Baines,Ajay,C
3704,Balastik,Jaroslav,RW
5744,Balcers,Rudolfs,LW
4487,Baldwin,Gord,D
908,Balej,Jozef,RW
3717,Ballard,Keith,D
5218,Bancks,Carter,LW
5206,Bang,Daniel,LW
1128,Banham,Frank,RW
10092,Baptiste,Nicholas,RW
4327,Baranka,Ivan,D
11708,Barbashev,Ivan,C
11825,Barber,Riley,RW
5205,Barberio,Mark,D
4225,Barch,Krys,RW
11797,Bardreau,Cole,C
985,Barinka,Michal,D
3662,Barker,Cam,D
5241,Barkov,Aleksander,C
834,Barnes,Ryan,LW
12017,Barnes,Tyler,RW
890,Barney,Scott,C
528,Baron,Murray,D
5075,Barrie,Tyson,D
1071,Bartecko,Lubos,LW
4936,Bartkowski,Matt,D
5183,Bartley,Victor,D
905,Bartovic,Milan,RW
4727,Bartulis,Oskars,D
5611,Barzal,Mathew,C
4339,Bass,Cody,C
508,Battaglia,Bates,LW
466,Baumgartner,Nolan,D
5547,Baun,Kyle,RW
690,Bayda,Ryan,LW
4492,Beach,Kyle,C
11865,Beach,Cody,RW
4456,Beagle,Jay,C
9639,Bean,Jake,D
5719,Bear,Ethan,D
3703,Beauchemin,Francois,D
5666,Beaudin,Jean-Christophe,C
4859,Beaudoin,Mathieu,RW
904,Beaudoin,Eric,LW
5002,Beaulieu,Nathan,D
4530,Beaulieu,Josh,RW
5235,Beaupre,Gabriel,D
5623,Beauvillier,Anthony,LW
5194,Beck,Taylor,LW
5790,Becker,Jack,C
4395,Beckford-Tseu,Chris,G
616,Bednar,Jaroslav,C
5801,Bednard,Ryan,G
811,Beech,Kris,C
632,Begin,Steve,LW
868,Bekar,Derek,C
3737,Belanger,Ken,LW
4459,Beleskey,Matt,LW
593,Belfour,Ed,G
25,Bell,Mark,LW
3877,Bell,Brendan,D
5444,Bellemare,Pierre-Edouard,LW
4814,Bellemore,Brett,D
9645,Bellows,Keiffer,LW
5248,Belov,Anton,D
5059,Benn,Jordie,D
4707,Benn,Jamie,LW
5169,Bennett,Beau,RW
5415,Bennett,Sam,C
10168,Benning,Matthew,D
4958,Benoit,Andre,D
4647,Bentivoglio,Sean,LW
1063,Benysek,Ladislav,D
467,Berehowsky,Drake,D
1125,Berenzweig,Andy,D
577,Berg,Aki,D
118,Bergenheim,Sean,LW
78,Bergeron,Patrice,C
386,Bergeron,Marc-Andre,D
594,Bergevin,Marc,D
4289,Bergfors,Nicklas,RW
99,Berglund,Christian,LW
4545,Berglund,Patrik,C
3682,Berkhoel,Adam,G
5714,Bernhardt,Daniel,RW
3758,Bernier,Steve,RW
4271,Bernier,Jonathan,G
5286,Berra,Reto,G
751,Berry,Rick,D
4422,Berti,Adam,LW
5852,Bertschy,Christoph,C
424,Bertuzzi,Todd,RW
10178,Bertuzzi,Tyler,LW
1082,Berube,Craig,LW
5404,Berube,Jean-Francois,G
11835,Bethune,Jared,C
11831,Betz,Nick,RW
979,Bezina,Goran,D
11550,Bibeau,Antoine,G
828,Bicek,Jiri,RW
5054,Bickel,Stu,D
4258,Bickell,Bryan,LW
5524,Biega,Alex,D
5537,Biega,Danny,D
3821,Bieksa,Kevin,D
694,Bierk,Zac,G
5570,Biggs,Tyler,RW
5236,Bigras,Chris,D
1103,Billington,Craig,G
5289,Billins,Chad,D
5908,Binnington,Jordan,G
4460,Birner,Michal,LW
254,Biron,Mathieu,D
619,Biron,Martin,G
4250,Bisaillon,Sebastien,D
915,Bishai,Mike,C
12013,Bishop,Clark,C
4561,Bishop,Ben,G
4462,Bissonnette,Paul,LW
5395,Bitetto,Anthony,D
5633,Bittner,Paul,LW
4610,Bitz,Byron,RW
8913,Bjorkstrand,Oliver,RW
5201,Bjugstad,Nick,C
12007,Black,Grham,C
1095,Blackburn,Dan,G
5398,Blacker,Jesse,D
5637,Blackwood,Mackenzie,G
11712,Blais,Samuel,LW
119,Blake,Jason,LW
4803,Blanchard,Nicolas,LW
5884,Blandisi,Joseph,C
847,Blatny,Zdenek,LW
11791,Bleackley,Connor,C
11492,Blidh,Anton,LW
4716,Bliznak,Mario,C
11802,Blujus,Dylan,D
4672,Blum,Jonathon,D
4083,Blunden,Michael,RW
4890,Bobrovsky,Sergei,G
3698,Bochenski,Brandon,RW
11801,Bodie,Mat,D
4784,Bodnarchuk,Andrew,D
4538,Boedker,Mikkel,LW
5618,Boeser,Brock,RW
4480,Bogosian,Zach,D
869,Boguniecki,Eric,C
5756,Boikov,Sergei,D
778,Boileau,Patrick,D
4153,Bois,Danny,RW
5766,Boka,Nicholas,D
4572,Bolduc,Alexandre,C
4296,Boll,Jared,RW
4082,Bolland,Dave,C
4819,Bollig,Brandon,LW
65,Bombardir,Brad,D
5735,Bondra,Radovan,RW
4775,Bonino,Nick,C
1005,Bonvie,Dennis,RW
3692,Boogaard,Derek,LW
4139,Booth,David,LW
5688,Booth,Callum,G
754,Bootland,Darryl,RW
5143,Bordeleau,Patrick,LW
4347,Borer,Casey,D
5687,Borgen,William,D
9649,Borgstrom,Henrik,C
5067,Borowiecki,Mark,D
5030,Bortuzzo,Robert,D
161,Botterill,Jason,LW
13,Bouchard,Pierre-Marc,C
485,Bouchard,Joel,D
39,Boucher,Philippe,D
5246,Boucher,Reid,C
715,Boughner,Bob,D
664,Bouillon,Francis,D
237,Boulerice,Jesse,RW
730,Boulton,Eric,LW
4949,Bouma,Lance,LW
614,Boumedienne,Josef,D
5796,Bouramman,Gustav,D
4855,Bourdon,Marc-Andre,D
5237,Bourke,Troy,LW
5244,Bournival,Michael,LW
5549,Bourque,Ryan,C
5057,Bourque,Gabriel,LW
4324,Bourque,Chris,C
5772,Bourque,Simon,D
3633,Bourque,Rene,LW
255,Bouwmeester,Jay,D
11863,Bowey,Madison,D
4662,Bowman,Drayson,LW
4384,Boyce,Darryl,C
4373,Boychuk,Johnny,D
4489,Boychuk,Zach,LW
11824,Boyd,Travis,C
4181,Boyd,Dustin,C
975,Boyes,Brad,RW
447,Boyle,Dan,D
12519,Boyle,Kevin,G
4386,Boyle,Brian,C
4686,Bozak,Tyler,C
5655,Bracco,Jeremy,RW
5726,Bradley,Matthew,C
14,Brandner,Christoph,LW
180,Brashear,Donald,LW
4354,Brassard,Derick,C
4916,Braun,Justin,D
5276,Breen,Christopher,D
893,Brendl,Pavel,RW
5037,Brennan,TJ,D
4210,Brent,Tim,C
387,Brewer,Eric,D
5834,Brickley,Conner,LW
162,Briere,Daniel,C
708,Brigley,Travis,LW
657,Brimanis,Aris,D
4387,Brine,David,C
199,Brisebois,Patrice,D
5661,Brisebois,Guillaume,D
4691,Brittain,Josh,LW
5569,Broadhurst,Alex,C
96,Brodeur,Martin,G
4878,Brodie,T.J.,D
5123,Brodin,Jonas,D
3736,Brodziak,Kyle,C
11807,Brodzinski,Jonny,C
5266,Broll,David,LW
351,Brookbank,Wade,D
4230,Brookbank,Sheldon,D
4065,Brooks,Alex,D
4820,Brophey,Evan,C
5552,Brossoit,Laurent,G
5333,Brouillette,Julien,D
4185,Brouwer,Troy,RW
5095,Brown,J.T.,RW
682,Brown,Sean,D
1122,Brown,Mike,RW
5179,Brown,Chris,C
5457,Brown,Patrick,C
8916,Brown,Connor,RW
9637,Brown,Logan,C
7,Brown,Brad,D
277,Brown,Dustin,LW
5791,Bruce,Riley,D
3699,Brule,Gilbert,C
1014,Brule,Steve,C
6,Brunette,Andrew,LW
5117,Brunner,Damien,RW
4498,Brunnstrom,Fabian,LW
4143,Brust,Barry,G
989,Bryzgalov,Ilja,G
469,Buchberger,Kelly,RW
10075,Buchnevich,Pavel,LW
3635,Budaj,Peter,G
200,Bulis,Jan,LW
5015,Bulmer,Brett,RW
5543,Bunz,Tyler,G
5451,Burakovsky,Andre,LW
11509,Burgdoerfer,Erik,D
4064,Burish,Adam,C
11830,Burke,Taylor,C
4883,Burmistrov,Alexander,C
15,Burns,Brent,D
3674,Burrows,Alexandre,RW
566,Butenschon,Sven,D
4781,Butler,Bobby,RW
4596,Butler,Chris,D
1072,Butsayev,Yuri,LW
4388,Byers,Dane,LW
3874,Byfuglien,Dustin,D
1057,Bykov,Dmitri,D
843,Bylsma,Dan,LW
4943,Byron,Paul,C
12027,Bystrom,Ludwig,D
11308,Caggiula,Drake,LW
529,Cajanek,Petr,LW
3896,Caldwell,Ryan,D
4145,Callahan,Ryan,RW
4585,Callahan,Joe,D
5354,Callahan,Mitch,RW
4935,Calvert,Matt,LW
721,Cammalleri,Mike,C
4977,Campanale,Matt,D
3492,Campbell,Jim,RW
4255,Campbell,Darcy,D
568,Campbell,Brian,D
663,Campbell,Gregory,C
5271,Campbell,Jack,G
5363,Campbell,Andrew,D
5082,Camper,Carter,C
3666,Campoli,Chris,D
5391,Cannata,Joe,G
5393,Cannone,Patrick,C
5658,Capobianco,Kyle,D
4243,Carcillo,Daniel,LW
4114,Card,Mike,D
5238,Carey,Paul,C
5357,Carey,Matt,LW
3868,Carkner,Matt,D
3880,Carle,Matthew,D
4521,Carle,Mathieu,D
11760,Carlisle,Chris,D
5632,Carlo,Brandon,D
4735,Carlson,John,D
5624,Carlsson,Gabriel,D
4830,Carlsson,Jonathan,D
732,Carney,Keith,D
4891,Caron,Jordan,RW
595,Caron,Sebastien,G
5886,Carpenter,Ryan,C
5880,Carr,Daniel,LW
8881,Carrick,Trevor,D
5252,Carrick,Connor,D
5479,Carrick,Sam,C
5710,Carrier,Alexandre,D
10174,Carrier,William,LW
11822,Carroll,Austin,RW
4581,Carson,Brett,D
486,Carter,Anson,RW
3488,Carter,Jeff,C
4273,Carter,Ryan,C
5142,Caruso,Michael,D
11846,Cassels,Cole,C
311,Cassels,Andrew,C
3775,Cassivi,Frederic,G
5912,Catenacci,Daniel,C
5728,Cecconi,Joseph,D
5307,Ceci,Cody,D
11744,Cehlarik,Peter,LW
5638,Cernak,Erik,D
5113,Cervenka,Roman,C
5613,Chabot,Thomas,D
4804,Chaput,Stefan,C
5282,Chaput,Michael,C
218,Chara,Zdeno,D
621,Charpentier,Sebastien,G
12028,Chartier,Rourke,C
462,Chartrand,Brad,RW
12016,Chatham,Connor,RW
1109,Chebaturkin,Vladimir,D
368,Cheechoo,Jonathan,RW
11781,Cheek,Trevor,LW
11772,Chelios,Jake,D
5285,Chiarot,Ben,D
5200,Chiasson,Alex,RW
388,Chimera,Jason,LW
943,Chiodo,Andy,G
4302,Chipchura,Kyle,C
60,Chistov,Stanislav,RW
5642,Chlapik,Filip,C
9646,Cholowski,Dennis,D
4504,Chorney,Taylor,D
645,Chouinard,Eric,C
963,Chouinard,Mathieu,G
3756,Christensen,Erik,C
428,Chubarov,Artem,C
4636,Chucko,Kris,LW
5777,Chukarov,Ivan,D
9642,Chychrun,Jakob,D
11843,Ciampini,Daniel,RW
448,Cibak,Martin,C
788,Ciernik,Ivan,LW
5667,Cirelli,Anthony,C
5083,Cizikas,Casey,C
5901,Claesson,Fredrik,D
4798,Clark,Mat,D
405,Clark,Chris,RW
4249,Clarkson,David,RW
1107,Classen,Greg,C
640,Cleary,Daniel,RW
901,Clemmensen,Scott,G
5448,Clendening,Adam,D
4508,Cliche,Marc-Andre,RW
4889,Clifford,Kyle,LW
4499,Climie,Matt,G
4769,Clitsome,Grant,D
3670,Clowe,Ryane,LW
4509,Clune,Rich,LW
4318,Clutterbuck,Cal,RW
449,Clymer,Ben,RW
3683,Coburn,Braydon,D
5409,Coetzee,Willie,RW
4284,Cogliano,Andrew,C
4907,Cohen,Colby,D
897,Colaiacovo,Carlo,D
4980,Colborne,Joe,C
4905,Cole,Ian,D
239,Cole,Erik,RW
11702,Coleman,Blake,C
3773,Coleman,Gerald,G
12041,Collberg,Sebastian,RW
3747,Colley,Kevin,RW
3818,Collins,Rob,RW
4580,Collins,Sean,C
4154,Comeau,Blake,LW
5564,Compher,J.T.,LW
853,Comrie,Mike,C
12468,Comrie,Eric,G
5141,Conacher,Cory,C
4350,Conboy,Tim,D
5835,Condon,Mike,G
4956,Condra,Erik,RW
5278,Connauton,Kevin,D
4831,Connelly,Brian,D
4156,Conner,Chris,RW
5004,Connolly,Brett,RW
5085,Connolly,Matt,LW
5612,Connor,Kyle,LW
406,Conroy,Craig,C
429,Cooke,Matt,LW
5571,Copley,Phoenix,G
5555,Copp,Andrew,C
891,Corazzini,Carl,C
11500,Coreau,Jared,G
4872,Cormier,Patrice,C
5072,Cornet,Phillippe,LW
5217,Corrado,Frank,D
4736,Corrente,Matthew,D
896,Corso,Daniel,C
3794,Cote,Jean-Philippe,D
4252,Cote,Riley,LW
5764,Cotton,David,C
5572,Coughlin,Liam,C
4113,Coulombe,Patrick,D
4484,Courchaine,Adam,G
4799,Cousineau,Marco,G
5536,Cousins,Nick,C
4715,Couture,Logan,C
4995,Couturier,Sean,C
331,Cowan,Jeff,LW
4789,Cowen,Jared,D
11837,Cox,Trevor,LW
5124,Coyle,Charlie,RW
4481,Crabb,Joey,RW
4684,Cracknell,Adam,RW
3816,Craig,Ryan,C
10100,Cramarossa,Joseph,LW
3855,Crawford,Corey,G
11806,Crescenzi,Andrew,C
4381,Crombeen,B.J.,RW
3490,Crosby,Sidney,C
5836,Cross,Tommy,D
5606,Crouse,Lawson,LW
5725,Cukste,Karlis,D
3772,Cullen,Mark,C
257,Cullen,Matt,C
450,Cullimore,Jassen,D
4516,Cuma,Tyler,D
4209,Cumiskey,Kyle,D
5216,Cundari,Mark,D
5312,Cunningham,Craig,RW
4463,Curry,John,G
1004,Cutta,Jakub,D
10077,Czarnik,Austin,C
5349,Czuczman,Kevin,D
5794,Daccord,Joel,G
201,Dackell,Andreas,RW
4974,Da Costa,Stephane,C
4787,Dadonov,Evgeny,LW
4417,D'Agostini,Matt,RW
5493,Dahlbeck,Klas,D
1012,Dahlen,Ulf,RW
1031,Dahlman,Toni,RW
5806,Dahlstrom,John,RW
5421,Dal Colle,Michael,LW
701,Daley,Trevor,D
3685,Dallman,Kevin,D
4805,Dalpe,Zac,C
5304,D'Amigo,Jerry,RW
5487,Danault,Phillip,C
293,Dandenault,Mathieu,D
1025,Daniels,Jeff,LW
3663,Danis,Yann,G
4832,Danis-Pepin,Simon,D
5450,Dano,Marko,C
12477,Dansk,Oscar,G
530,Danton,Mike,C
865,Darby,Craig,C
5475,Darling,Scott,G
294,Datsyuk,Pavel,C
4757,Daugavins,Kaspars,LW
5899,Dauphin,Laurent,C
5498,Davidson,Brandon,D
1120,Davidson,Matt,RW
4821,Davis,Nathan,C
4568,Davis,Patrick,RW
4026,Dawes,Nigel,LW
11803,Dea,Jean-Sebastien,C
1020,Deadmarsh,Adam,RW
5424,DeAngelo,Anthony,D
1032,Debrusk,Louie,LW
5609,DeBrusk,Jake,LW
5411,DeFazio,Brandon,LW
4471,de Gray,John,D
5049,de Haan,Calvin,D
4926,Dekanich,Mark,G
5203,DeKeyser,Danny,D
5520,De La Rose,Jacob,LW
8947,De Leo,Chase,C
10074,Dell,Aaron,G
4919,Della Rovere,Stefan,LW
164,Delmore,Andy,D
4695,Del Zotto,Michael,D
5822,DeMelo,Dylan,D
4699,Demers,Jason,D
329,Denis,Marc,G
4844,Deobald,Nathan,G
5669,Dergachyov,Alexander,C
5629,Dermott,Travis,D
4709,DesBiens,Guillaume,RW
5336,Deschamps,Nicolas,C
11854,Descheneau,Jaedon,RW
4739,Desharnais,David,C
4931,Desjardins,Cedrick,G
4933,Desjardins,Andrew,C
181,Desjardins,Eric,D
4443,Deslauriers,Jeff,G
4567,Deslauriers,Jeff,G
5341,Deslauriers,Nicolas,LW
5046,DesPres,Simon,D
5750,Desrocher,Stephen,D
5262,Devane,Jamie,LW
4571,Deveaux,Andre,C
295,Devereaux,Boyd,C
501,De Vries,Greg,D
4992,Diaz,Raphael,D
4965,DiBenedetto,Justin,C
9073,Dickinson,Jason,C
11763,Didier,Josiah,D
4818,Didomenico,Christopher,C
8864,Dietz,Darren,D
12029,Digiacinto,Cristiano,LW
5881,Di Giuseppe,Phillipe,LW
5103,Dillon,Brenden,D
714,Dimitrakos,Nicholas,RW
1036,Dineen,Kevin,RW
451,Dingman,Chris,LW
12010,DiPaolo,Mike,RW
11820,Di Pauli,Thomas,C
3622,DiPenta,Joey,D
134,DiPietro,Rick,G
3853,Disalvatore,Jon,RW
861,Divis,Reinhard,G
11752,Djoos,Christian,D
547,Doan,Shane,RW
12002,Dodero,Charlie,D
4806,Dodge,Nick,RW
4352,Doell,Kevin,C
5405,Doherty,Taylor,D
5412,Domi,Max,C
578,Domi,Tie,RW
5518,Domingue,Louis,G
11828,Donaghey,Cody,D
4472,Donally,Ryan,LW
11790,Donnay,Troy,D
5097,Donovan,Matt,D
407,Donovan,Shean,RW
5821,Donskoi,Joonas,RW
4979,Doornbosch,Jamie,D
1056,Dopita,Jiri,C
11997,Doremus,Daniel,RW
4438,Dorsett,Derek,RW
11704,Dotchin,Jake,D
11838,Doty,Jacob,C
12500,Dougherty,Jack,D
4510,Doughty,Drew,D
826,Doull,Doug,LW
5693,Dove-McFalls,Samuel,LW
9007,Dowd,Nic,C
64,Dowd,Jim,C
4329,Dowell,Jacob,C
10105,Dowling,Justin,C
617,Downey,Aaron,RW
4348,Downie,Steve,RW
11798,Downing,Grayson,C
5417,Draisaitl,Leon,C
5173,Drazenovic,Nick,C
4909,Drazenovic,Nicholas,C
4622,Drewiske,Davis,D
5540,Driedger,Chris,G
5230,Drouin,Jonathan,LW
4245,Dubinsky,Brandon,C
4666,Dubnyk,Devan,G
4663,Duchene,Matt,C
4782,Duchesne,Jeremy,G
5441,Duclair,Anthony,LW
4743,Duco,Mike,C
5125,Dumba,Matthew,D
5099,Dumont,Gabriel,C
166,Dumont,Jean-Pierre,RW
5310,Dumoulin,Brian,D
5771,Dunda,Liam,LW
5650,Dunn,Vince,D
4942,Dupont,Brodie,C
1053,Dupont,Micki,D
713,Dupuis,Pascal,LW
4590,Dupuis,Philippe,C
4613,Durno,Chris,LW
968,Dusablon,Benoit,C
390,Dvorak,Radek,RW
10069,Dvorak,Christian,C
4435,Dwyer,Patrick,RW
948,Dykhuis,Karl,D
5663,Dzierkals,Martins,LW
5895,Dzingel,Ryan,LW
5170,Dziurzynski,Dave,LW
5025,Eakin,Cody,C
4385,Earl,Robbie,LW
470,Eastwood,Mike,C
352,Eaton,Mark,D
4673,Eaves,Ben,C
3733,Eaves,Patrick,RW
4397,Ebbett,Andrew,C
4505,Eberle,Jordan,RW
11857,Eberle,Tanner,LW
4733,Eckford,Tyler,D
4099,Edler,Alexander,D
5823,Edmundson,Joel,D
5419,Ehlers,Nikolaj,RW
371,Ehrhoff,Christian,D
5597,Eichel,Jack,C
11764,Eisenschmid,Markus,C
5414,Ekblad,Aaron,D
5022,Ekholm,Mattias,D
3493,Eklund,Brian,G
372,Ekman,Nils,RW
4866,Ekman-Larsson,Oliver,D
113,Elias,Patrik,LW
11728,Elie,Remi,LW
4669,Elkins,Corey,C
4723,Eller,Lars,C
12026,Eller,Mads,LW
4668,Ellerby,Keaton,D
5040,Elliott,Stefan,D
4305,Elliott,Brian,G
4183,Ellis,Matt,LW
5928,Ellis,Morgan,D
942,Ellis,Dan,G
4869,Ellis,Ryan,D
12481,Ellis,Nick,G
921,Ellison,Matt,RW
1021,Eloranta,Mikko,LW
9077,Elson,Turner,LW
12042,Emanuelsson,Petter,RW
5017,Emelin,Alexei,D
842,Emery,Ray,G
137,Eminger,Steve,D
4840,Emmerton,Cory,C
3649,Endicott,Shane,C
4725,Engelland,Deryk,D
11499,Englund,Andreas,D
4941,Engqvist,Andreas,C
4728,Ennis,Tyler,C
4658,Enroth,Jhonas,G
4298,Enstrom,Tobias,D
600,Erat,Martin,RW
4396,Ericsson,Jonathan,D
4020,Eriksson,Loui,LW
5325,Eriksson,Joacim,G
700,Eriksson,Anders,D
5615,Eriksson-Ek,Joel,C
5008,Erixon,Tim,D
11673,Erne,Adam,LW
4398,Ersberg,Erik,G
37,Erskine,John,D
5558,Esposito,Angelo,C
5747,Estephan,Giorgio,C
11845,Etchegary,Kurt,C
5152,Etem,Emerson,RW
4473,Evans,Brennan,D
5455,Everberg,Dennis,RW
5566,Ewanyk,Travis,C
5434,Fabbri,Robby,C
9643,Fabbro,Dante,D
4464,Fahey,Brian,D
373,Fahey,Jim,D
11766,Faille,Eric,RW
5044,Fairchild,Cade,D
11784,Faith,Tanner,D
5116,Faksa,Radek,C
4517,Falk,Justin,D
5499,Farnham,Bobby,LW
669,Farrell,Michael,RW
9049,Fasching,Hudson,RW
1010,Fast,Brad,D
5257,Fast,Jesper,RW
5110,Fasth,Viktor,G
4232,Fata,Drew,D
471,Fata,Rico,LW
5009,Faulk,Justin,D
4914,Fayne,Mark,D
11823,Fazleev,Radel,C
837,Fedorov,Fedor,LW
182,Fedoruk,Todd,LW
452,Fedotenko,Ruslan,LW
5783,Fedotov,Ivan,G
5288,Fedun,Taylor,D
3819,Fehr,Eric,RW
408,Ference,Andrew,D
391,Ferguson,Scott,D
5478,Ferland,Micheal,LW
3845,Ferland,Jonathan,RW
5527,Ferlin,Brian,RW
5350,Ferraro,Landon,C
4700,Ferriero,Benn,RW
4474,Festerling,Brett,D
5438,Fiala,Kevin,LW
353,Fiddler,Vernon,C
12006,Fidler,Miguel,LW
4496,Filatov,Nikita,LW
3813,Filppula,Valtteri,C
4236,Finger,Jeff,D
4111,Finley,Brian,G
5047,Finley,Joe,D
297,Fischer,Jiri,D
5627,Fischer,Christian,RW
850,Fisher,Mike,C
4345,Fistric,Mark,D
4455,Fitzgerald,Zach,D
11769,Fitzgerald,Cavan,D
636,Fitzgerald,Tom,RW
167,Fitzpatrick,Rory,D
3757,Fleischmann,Tomas,LW
483,Fleury,Marc-Andre,G
5422,Fleury,Haydn,D
5575,Flick,Rob,C
3779,Flinn,Ryan,LW
3738,Flood,Mark,D
5321,Florek,Justin,LW
5177,Flynn,Brian,C
472,Focht,Dan,D
5673,Foley,Erik,LW
4278,Foligno,Nick,LW
5055,Foligno,Marcus,LW
5368,Folin,Christian,D
5264,Fontaine,Justin,RW
511,Foote,Adam,D
5813,Forbort,Derek,D
5656,Forsbacka-Karlsson,Jakob,C
5210,Forsberg,Filip,C
5481,Forsberg,Anton,G
10072,Forsling,Gustav,D
4696,Fortier,Olivier,LW
613,Fortin,Jean-Francois,D
11814,Fortin,Alexandre,LW
4752,Fortunus,Maxime,D
5074,Foster,Brian,G
12038,Foster,T.J.,C
4380,Foster,Adrian,C
4408,Foster,Alex,C
919,Foster,Kurtis,D
12037,Fournier,Stefan,RW
4800,Fowler,Cam,D
11794,Fox,Dane,LW
3644,Foy,Matt,RW
4674,Franson,Cody,D
3639,Franzen,Johan,RW
4213,Fraser,Mark,D
5071,Fraser,Matt,RW
4361,Fraser,Colin,C
4651,Fraser,Jamie,D
4981,Frattin,Matt,RW
4677,Frazee,Jeff,G
9655,Frederic,Trent,C
5034,Fredheim,Kris,D
5507,Friberg,Max,LW
5918,Friesen,Alex,C
4655,Fritsch,Jamie,D
312,Fritsche,Dan,C
4528,Fritz,Mitch,LW
12346,Fritz,Tanner,C
10084,Frk,Martin,RW
5843,Froese,Byron,C
4556,Frogren,Jonas,D
4507,Frolik,Michael,C
279,Frolov,Alexander,LW
12345,Fucale,Zachary,G
4219,Fukufuji,Yutaka,G
4125,Funk,Michael,D
981,Fussey,Owen,RW
736,Gaborik,Marian,LW
5855,Gabriel,Kurtis,RW
5408,Gabriel,Oliver,LW
5700,Gabrielle,Jesse,LW
5631,Gagne,Gabriel,RW
183,Gagne,Simon,LW
4275,Gagner,Sam,C
4440,Gagnon,Aaron,C
776,Gainey,Steve,LW
5127,Galchenyuk,Alex,C
4642,Galiardi,T.J.,LW
5548,Galiev,Stanislav,RW
12035,Gallacher,Benjamin,D
5149,Gallagher,Brendan,RW
5367,Gallant,Brett,LW
735,Gamache,Simon,LW
11749,Ganly,Tyler,D
5079,Garbutt,Ryan,C
5006,Gardiner,Jake,D
5718,Garland,Conor,RW
4562,Garrison,Jason,D
5675,Gates,Brent,C
5509,Gaudet,Tyler,C
5737,Gaudette,Adam,C
5383,Gaudreau,Johnny,LW
10097,Gaudreau,Frederick,C
5847,Gaunce,Brendan,LW
4953,Gaunce,Cameron,D
3701,Gaustad,Paul,C
4248,Gauthier,Gabe,LW
8928,Gauthier,Frederik,C
9647,Gauthier,Julien,RW
5754,Gavrikov,Vladislav,D
5711,Gawdin,Glenn,C
4839,Gazdic,Luke,LW
5239,Geertsen,Mason,D
5221,Gelinas,Eric,D
11780,Gelinas,Guillaume,D
410,Gelinas,Martin,LW
5798,Gennaro,Matteo,C
5102,Genoway,Chay,D
4555,Gerbe,Nathan,C
159,Gerber,Martin,G
3886,Germyn,Carsen,C
3667,Gervais,Bruno,D
3623,Getzlaf,Ryan,C
5295,Gibbons,Brian,C
5227,Gibson,John,G
5905,Gibson,Christopher,G
12001,Gibson,Kevin,D
48,Giguere,Jean-Sebastien,G
4217,Gilbert,Tom,D
5686,Gilbert,Dennis,D
1069,Gilchrist,Brent,LW
3767,Gillies,Trevor,LW
12288,Gillies,Jon,G
4518,Gillies,Colton,C
4705,Gilroy,Matt,D
100,Gionta,Brian,RW
4902,Gionta,Stephen,C
3861,Giordano,Mark,D
1061,Girard,Jonathan,D
12043,Girard,Felix,C
4223,Girardi,Daniel,D
5254,Girgensons,Zemgus,C
3881,Giroux,Alexandre,C
4394,Giroux,Claude,RW
986,Giroux,Raymond,D
4356,Glass,Tanner,LW
4449,Glass,Jeff,G
280,Gleason,Tim,D
3678,Glencross,Curtis,LW
5268,Glendening,Luke,C
4871,Glennie,Scott,RW
3834,Globke,Rob,C
3860,Glumac,Mike,C
3491,Goc,Marcel,C
122,Godard,Eric,RW
11753,Goers,Barry,D
3741,Goertzen,Steven,RW
5431,Goldobin,Nikolay,RW
4402,Goligoski,Alex,D
5096,Goloubef,Cody,D
5130,Goncharov,Maxim,D
5476,Goodrow,Barclay,RW
4598,Gordon,Andrew,RW
139,Gordon,Boyd,C
727,Goren,Lee,RW
3722,Gorges,Josh,D
5131,Gormley,Brandon,D
5440,Gostisbehere,Shayne,D
5890,Gourde,Yanni,C
3863,Gove,Dave,C
4688,Grabner,Michael,RW
4212,Grabovski,Mikhail,C
4689,Grachev,Evgeny,C
4399,Gragnani,Marc-Andre,LW
11851,Graham,Ryan,LW
5374,Granberg,Petter,D
642,Grand-Pierre,J-Luc,D
5338,Granlund,Markus,C
5126,Granlund,Mikael,C
5172,Grant,Derek,C
5302,Grant,Alex,D
4085,Grant,Triston,LW
5508,Graovac,Tyler,C
3812,Gratton,Josh,LW
845,Gratton,Benoit,C
549,Gratton,Chris,C
5914,Gravel,Kevin,D
1058,Graves,Adam,LW
11800,Graves,Ryan,D
960,Grebeshkov,Denis,D
818,Green,Josh,LW
925,Green,Mike,D
91,Green,Travis,C
3833,Greene,Matt,D
4218,Greene,Andy,D
11723,Greenham,Scott,G
4946,Greening,Colin,LW
4389,Greentree,Kyle,LW
5644,Greenway,Jordan,LW
5634,Greer,Anthony-John,LW
12036,Gregoire,Jeremy,C
4351,Greiss,Thomas,G
5862,Grenier,Alexandre,RW
914,Grenier,Martin,D
5462,Griffith,Seth,C
5108,Grigorenko,Mikhail,C
5480,Grimaldi,Rocco,C
5636,Gropp,Ryan,LW
597,Grosek,Michal,LW
5486,Grosenick,Troy,G
4146,Grossmann,Niklas,D
5176,Grubauer,Philipp,G
141,Gruden,John,D
5171,Gryba,Eric,D
11572,Grzelcyk,Matt,D
5185,Gudas,Radko,D
4988,Gudbranson,Erik,D
5369,Gudlevskis,Kristers,G
4256,Guenin,Nate,D
11327,Guentzel,Jake,C
46,Guerin,Bill,RW
5645,Guhle,Brendan,D
4729,Gunnarsson,Carl,D
1099,Guolla,Stephen,C
5607,Gurianov,Denis,RW
4963,Gustafsson,Erik,D
4687,Gustavsson,Jonas,G
1094,Haakana,Kari,D
5066,Hackett,Matt,G
11840,Hagel,Marc,RW
5038,Hagelin,Carl,LW
11716,Hagg,Robert,D
5567,Haggerty,Ryan,RW
258,Hagman,Niklas,LW
3636,Hagos,Yared,C
513,Hahl,Riku,C
203,Hainsey,Ron,D
863,Hajt,Chris,D
4235,Halak,Jaroslav,G
4790,Haley,Michael,C
4565,Halischuk,Matt,RW
4846,Hall,Taylor,LW
354,Hall,Adam,RW
5334,Halmo,Mike,LW
355,Hamhuis,Dan,D
4657,Hamill,Zach,C
4994,Hamilton,Dougie,D
5090,Hamilton,Ryan,LW
5273,Hamilton,Freddie,C
5403,Hamilton,Curtis,LW
808,Hamilton,Jeffrey,C
5335,Hammond,Andrew,G
11860,Hamonic,Justin,D
4915,Hamonic,Travis,D
123,Hamrlik,Roman,D
184,Handzus,Michal,C
5600,Hanifin,Noah,D
917,Hankinson,Casey,LW
8966,Hanley,Joel,D
374,Hannan,Scott,D
5876,Hannikainen,Markus,LW
5211,Hanowski,Ben,RW
4320,Hansen,Jannik,RW
4648,Hanson,Christian,C
5797,Hansson,Petter,D
4282,Hanzal,Martin,C
3888,Harding,Josh,G
4910,Harju,Johan,LW
5641,Harkins,Jansen,C
10081,Harper,Shane,RW
9056,Harpur,Ben,D
5501,Harrington,Scott,D
3858,Harrison,Jay,D
4137,Harrold,Peter,D
11998,Hart,Brian,RW
12022,Hart,Jayden,C
681,Hartigan,Mark,C
4970,Hartikainen,Teemu,C
5522,Hartman,Ryan,RW
356,Hartnell,Scott,LW
5926,Hathaway,Garnet,RW
5301,Haula,Erik,LW
3851,Hauser,Adam,G
688,Havlat,Martin,RW
11751,Hawryluk,Jayce,C
4228,Haydar,Darren,RW
12273,Hayden,John,C
12031,Haydon,Aaron,D
5058,Hayes,Jimmy,RW
5323,Hayes,Eriah,RW
5461,Hayes,Kevin,RW
12310,Healey,Josh,D
3788,Healey,Eric,C
5240,Heard,Mitchell,C
11817,Heatherington,Dillon,D
912,Heatley,Dany,LW
770,Hecht,Jochen,C
241,Hedican,Bret,D
888,Hedin,Pierre,D
4685,Hedman,Victor,D
11700,Heed,Tim,D
532,Heerema,Jeff,RW
5379,Heeter,Calvin,G
4745,Heikkinen,Ilkka,D
10076,Heinen,Danton,C
800,Heins,Shawn,D
4098,Hejda,Jan,D
514,Hejduk,Milan,RW
3650,Helbling,Timo,D
1119,Helenius,Sami,D
4617,Helenius,Riku,G
5701,Helewka,Adam,LW
5485,Helgeson,Seth,D
5281,Hellberg,Magnus,G
5873,Hellebuyck,Connor,G
4404,Helm,Darren,C
962,Helmer,Bryan,D
4563,Helminen,Dwight,C
3695,Hemingway,Colin,RW
392,Hemsky,Ales,RW
5214,Henderson,Kevin,LW
4639,Hendricks,Matt,C
503,Hendrickson,Darby,C
4375,Hendry,Jordan,D
11474,Henley,Samuel,C
4168,Hennessy,Josh,C
4983,Henrique,Adam,C
674,Henry,Alex,D
833,Henry,Burke,D
4332,Hensick,T.J.,C
11832,Herbert,Caleb,C
1115,Herperger,Chris,LW
1127,Herr,Matt,C
4531,Hersley,Patrik,D
5255,Hertl,Tomas,C
4724,Heshka,Shaun,D
4511,Hickey,Thomas,D
574,Higgins,Christopher,LW
933,Hilbert,Andy,C
5671,Hill,Adin,G
4416,Hillen,Jack,D
4274,Hiller,Jonas,G
5841,Hinostroza,Vince,C
5643,Hintz,Roope,LW
5384,Hishon,Joey,C
4401,Hjalmarsson,Niklas,D
487,Hlavac,Jan,LW
4277,Hlinka,Jaroslav,C
752,Hnidy,Shane,D
5743,Hobbs,Connor,D
11756,Hobbs,Danny,C
5474,Hodgman,Justin,C
4553,Hodgson,Cody,C
1110,Hodson,Kevin,G
4426,Hoffman,Mike,C
3671,Hoggan,Jeff,RW
1037,Hoglund,Jonas,RW
902,Holden,Josh,C
4664,Holden,Nick,D
11810,Holl,Justin,D
5275,Holland,Patrick,RW
4794,Holland,Peter,C
281,Holland,Jason,D
5874,Holloway,Bud,C
3702,Hollweg,Ryan,C
4053,Holmqvist,Johan,G
349,Holmqvist,Michael,C
299,Holmstrom,Tomas,LW
11729,Holmstrom,Axel,C
4975,Holmstrom,Ben,C
4894,Holos,Jonas,D
3803,Holt,Chris,G
4863,Holtby,Braden,G
5765,Holway,Patrick,D
4906,Holzer,Korbinian,D
5433,Honka,Julius,D
5016,Horak,Roman,LW
393,Horcoff,Shawn,C
259,Hordichuk,Darcy,LW
4523,Hornqvist,Patric,RW
260,Horton,Nathan,RW
5233,Horvat,Bo,C
5435,Ho-Sang,Joshua,C
219,Hossa,Marian,RW
1068,Houlder,Bill,D
4170,Houle,Martin,G
3793,Howard,Jimmy,G
9653,Howden,Brett,C
5120,Howden,Quinton,C
5551,Hrabarenka,Raman,D
5922,Hrivik,Marek,RW
1073,Hrkac,Tony,C
4987,Huberdeau,Jonathan,LW
637,Hudler,Jiri,RW
5883,Hudon,Charles,LW
465,Huet,Cristobal,G
5760,Hughes,Cameron,C
570,Hull,Jody,RW
551,Hulse,Cale,D
80,Huml,Ivan,LW
5320,Hunt,Brad,D
620,Hunter,Trent,RW
4486,Hunter,Dylan,LW
4331,Hunwick,Matt,D
1078,Hurme,Jani,G
5779,Huska,Adam,G
4187,Huskins,Kent,D
987,Hussey,Matt,C
653,Hutchinson,Andrew,D
5366,Hutchinson,Michael,G
5224,Hutton,Carter,G
5825,Hutton,Ben,D
5562,Hyman,Zach,C
1080,Hyvonen,Hannes,RW
4393,Iggulden,Mike,C
411,Iginla,Jarome,RW
5775,Imama,Bokondji,LW
3890,Immonen,Jarkko,C
4519,Irmen,Danny,C
5050,Irving,Leland,G
4780,Irwin,Brayden,C
5145,Irwin,Matthew,D
394,Isbister,Brad,LW
11792,Iverson,Keegan,RW
3776,Jacina,Greg,LW
846,Jackman,Tim,RW
533,Jackman,Barret,D
579,Jackman,Richard,D
4791,Jackson,Scott,D
3864,Jacques,Jean-Francois,LW
4335,Jaffray,Jason,LW
143,Jagr,Jaromir,RW
1093,Jakopin,John,D
3848,James,Connor,LW
11773,Jamieson,Aiden,D
3867,Jancevski,Dan,D
884,Janik,Doug,D
11413,Jankowski,Mark,C
5827,Janmark,Mattias,C
3766,Janssen,Cam,RW
4861,Janus,Jaroslav,G
11841,Jardine,Sam,D
5352,Jarnkrok,Calle,C
5734,Jaros,Christian,D
3898,Jarrett,Cole,D
10083,Jarry,Tristan,G
5769,Jasek,Lukas,RW
5212,Jaskin,Dmitrij,RW
980,Jaspers,Jason,C
4600,Jeffrey,Dustin,C
5245,Jenner,Boone,C
5197,Jensen,Nicklas,RW
11592,Jensen,Nick,D
4392,Jensen,Joe,C
12502,Jerabek,Jakub,D
4465,Jessiman,Hugh,RW
12018,Jevpalovs,Nikita,LW
81,Jillson,Jeff,D
4632,Joensuu,Jesse,LW
5010,Johansen,Ryan,C
9654,Johansen,Lucas,D
993,Johansson,Calle,D
1083,Johansson,Mathias,C
3897,Johansson,Jonas,RW
4286,Johansson,Magnus,D
4882,Johansson,Marcus,C
357,Johansson,Andreas,LW
11742,Johansson,Lars,G
5573,Johns,Stephen,D
4451,Johnson,Nick,RW
5187,Johnson,Tyler,C
5371,Johnson,Justin,RW
809,Johnson,Aaron,D
358,Johnson,Greg,C
504,Johnson,Matt,LW
534,Johnson,Ryan,C
4254,Johnson,Jack,D
4268,Johnson,Erik,D
4753,Johnson,Chad,G
185,Johnsson,Kim,D
9067,Johnston,Ryan,D
9081,Johnston,Ross,LW
262,Jokinen,Olli,C
3637,Jokinen,Jussi,LW
5472,Jokipakka,Jyrki,D
12021,Joly,Michael,RW
12386,Jones,Connor,C
5243,Jones,Seth,D
3787,Jones,Matt,D
4134,Jones,Blair,C
5712,Jones,Caleb,D
9650,Jones,Max,LW
4355,Jones,David,RW
4524,Jones,Ryan,LW
971,Jones,Randy,D
995,Jones,Ty,RW
5122,Jones,Martin,G
4086,Jonsson,Lars,D
1044,Jonsson,Hans,D
124,Jonsson,Kenny,D
5468,Jooris,Josh,C
4815,Jordan,Michal,D
4893,Josefson,Jacob,C
5715,Joseph,Mathieu,RW
5042,Josi,Roman,D
4605,Joslin,Derek,D
9636,Jost,Tyson,C
5073,Joudrey,Andrew,C
4546,Junland,Jonas,D
9631,Juolevi,Olli,D
3686,Jurcina,Milan,D
5311,Jurco,Tomas,RW
5621,Juulsen,Noah,D
580,Kaberle,Tomas,D
4766,Kadri,Nazem,C
4237,Kaleta,Patrick,RW
168,Kalinin,Dmitri,D
5828,Kalinin,Sergey,C
5778,Kallgren,Erik,G
1074,Kallio,Tomi,RW
4253,Kalus,Petr,D
11693,Kamenev,Vladislav,LW
12501,Kampf,David,RW
4920,Kampfer,Steven,D
4779,Kana,Tomas,C
4265,Kane,Patrick,RW
646,Kane,Boyd,LW
4656,Kane,Evander,LW
3814,Kanko,Petr,RW
40,Kapanen,Niko,C
5428,Kapanen,Kasperi,RW
12347,Kapla,Michael,D
5730,Kaprizov,Kirill,LW
5459,Karlsson,William,C
5497,Karlsson,Melker,C
4024,Karlsson,Andreas,C
4802,Karlsson,Henrik,G
4660,Karlsson,Erik,D
5731,Karnaukhov,Pavel,LW
20,Karpovtsev,Alexander,D
4591,Karsums,Martins,RW
9076,Kasdorf,Jason,G
5723,Kase,David,RW
10171,Kase,Ondrej,RW
4315,Kaspar,L.,RW
4903,Kassian,Matt,LW
5039,Kassian,Zack,RW
11818,Katchouk,Boris,LW
4961,Katic,Mark,D
982,Kavanagh,Pat,RW
604,Keane,Mike,RW
5021,Kearns,Bracken,C
1046,Keefe,Sheldon,RW
3675,Keefe,Adam,RW
3715,Keith,Duncan,D
950,Keith,Matt,RW
4740,Keller,Ryan,RW
9633,Keller,Clayton,C
11726,Kelly,Dan,D
930,Kelly,Chris,C
11731,Kempe,Adrian,LW
10073,Kempny,Michal,D
5807,Kemppainen,Joonas,LW
5517,Kenins,Ronalds,LW
4807,Kennedy,Matt,RW
4317,Kennedy,Tyler,C
4601,Kennedy,Tim,LW
5861,Keranen,Michael,LW
11738,Kerdiles,Nicolas,LW
5846,Kero,Tanner,C
787,Kesler,Ryan,C
4008,Kessel,Phil,RW
5875,Khaira,Jujhar,LW
535,Khavanov,Alexander,D
5378,Khokhlachev,Alex,C
4763,Khudobin,Anton,G
11783,Kichton,Brenden,D
802,Kidd,Trevor,G
5165,Killorn,Alex,C
4665,Kindl,Jakub,D
4913,King,Dwight,LW
4022,King,D.J.,LW
5180,Kinkaid,Keith,G
4654,Kinrade,Geoff,D
12019,Kirkland,Justin,LW
1085,Kjellberg,Patrick,LW
4898,Klasen,Linus,LW
282,Klatt,Trent,RW
581,Klee,Ken,D
5001,Klefbom,Oscar,D
3804,Klein,Kevin,D
4777,Klementyev,Anton,D
21,Klemm,Jon,D
3762,Klepis,Jakub,C
313,Klesla,Rostislav,D
5484,Klingberg,John,D
4984,Klingberg,Carl,LW
4822,Klinkhammer,Rob,C
689,Kloucek,Tomas,D
5373,Knapp,Connor,G
5340,Knight,Corban,C
5111,Knight,Jared,C
5648,Knott,Graham,LW
3895,Koalska,Mike,C
412,Kobasew,Chuck,RW
4247,Koci,David,D
5542,Koekkoek,Slater,D
4679,Kohn,Dustin,D
4303,Koistinen,Ville,D
1051,Koivisto,Tom,D
3763,Koivu,Mikko,C
553,Kolanos,Krystofer,C
4786,Kolarik,Chad,C
5664,Kolesar,Keegan,RW
3807,Kolesnik,Vitaliy,G
784,Kolnik,Juraj,RW
474,Koltsov,Konstantin,LW
153,Kolzig,Olaf,G
952,Komarniski,Zenith,D
5140,Komarov,Leo,C
5220,Konan,Matthew,D
582,Kondratiev,Maxim,D
5619,Konecny,Travis,C
4338,Kontiola,Petri,C
3640,Kopecky,Tomas,RW
4033,Kopitar,Anze,C
5297,Korobov,Dmitry,D
375,Korolyuk,Alexander,LW
5780,Korostelev,Nikita,RW
4441,Korostin,Sergei,RW
4425,Korpikoski,Lauri,LW
5887,Korpisalo,Joonas,G
4950,Koskinen,Mikko,G
5931,Kosmachuk,Scott,RW
11707,Kossila,Kalle,LW
11833,Kostalek,Jan,D
4340,Kostitsyn,Sergei,LW
3664,Kostitsyn,Andrei,LW
4431,Kostka,Michael,D
765,Kostopoulos,Tom,RW
169,Kotalik,Ales,RW
5657,Kovacs,Robin,RW
334,Kovalchuk,Ilya,LW
490,Kovalev,Alex,RW
263,Kozlov,Viktor,C
335,Kozlov,Slava,LW
5442,Kozun,Brandon,RW
3659,Krahn,Brent,G
827,Krajicek,Lukas,D
5104,Kreider,Chris,LW
4224,Krejci,David,C
3641,Kreps,Kamil,C
785,Krestanovich,Jordan,LW
4870,Kristo,Danny,RW
4693,Kriukov,Artem,C
76,Krog,Jason,C
819,Kronwall,Niklas,D
3748,Kronwall,Staffan,D
5098,Krug,Torey,D
4823,Kruger,Marcus,C
4,Kuba,Filip,D
4973,Kubalik,Tomas,RW
453,Kubina,Pavel,D
5300,Kucherov,Nikita,RW
907,Kudroc,Kristian,D
5168,Kuemper,Darcy,G
5907,Kuhnhackl,Tom,RW
12005,Kujawinski,Ryan,C
9053,Kukan,Dean,D
30,Kukkonen,Lasse,D
5554,Kulak,Brett,D
4482,Kulda,Arturs,D
4549,Kulemin,Nikolai,LW
4706,Kulikov,Dmitry,D
1104,Kultanen,Jarno,D
5064,Kundratek,Tomas,D
9641,Kunin,Luke,C
898,Kunitz,Chris,LW
5380,Kunyk,Cody,RW
5788,Kupsky,Jake,G
5568,Kuraly,Sean,C
937,Kurka,Tomas,LW
822,Kutlak,Zdenek,D
5344,Kuznetsov,Evgeny,C
125,Kvasha,Oleg,C
5654,Kylington,Oliver,D
5065,Kytnar,Milan,C
4675,Laakso,Teemu,D
10177,Labanc,Kevin,RW
780,LaBarbera,Jason,G
11363,Labate,Joseph,C
1096,Labbe,Jean-Francois,G
11786,Labrie,Hubert,D
5062,Labrie,Pierre-Cedric,LW
315,Lachance,Scott,D
5137,Lack,Eddie,G
4412,LaCosta,Daniel,G
491,LaCouture,Dan,LW
3658,Ladd,Andrew,LW
11732,LaDue,Paul,D
536,Laflamme,Christian,D
4466,LaFleur,Antoine,G
11721,Lagace,Maxime,G
928,Laich,Brooks,C
5327,Lain,Kellan,LW
9628,Laine,Patrik,RW
964,Laing,Quintin,LW
4488,Lalande,Kevin,G
11795,LaLeggia,Joey,D
4717,Laliberte,David,RW
234,Lalime,Patrick,G
4833,Lalonde,Shawn,D
12008,Lammikko,Juho,RW
949,Lamothe,Marc,G
978,Lampman,Bryce,D
5018,Lander,Anton,C
4986,Landeskog,Gabriel,LW
5387,Landry,John,D
712,Langdon,Darren,LW
12197,Langhamer,Marek,G
4450,Lannon,Ryan,D
3778,Lapierre,Maxim,C
187,Lapointe,Claude,C
10160,Lappin,Nick,RW
395,Laraque,Georges,RW
5829,Larkin,Dylan,LW
4123,Larman,Drew,C
3806,LaRose,Chad,RW
940,Larose,Cory,C
4788,Larsen,Philip,D
4842,Larsson,Daniel,G
4989,Larsson,Adam,D
5622,Larsson,Jacob,D
5174,Larsson,Johan,LW
5284,Lashoff,Brian,D
3687,Lashoff,Matt,D
4009,Latendresse,Guillaume,RW
5250,Latta,Michael,C
5139,Laughton,Scott,C
1043,Laukkanen,Janne,D
5196,Lauridsen,Oliver,D
5646,Lauzon,Jeremy,D
913,Law,Kirby,RW
4816,Lawson,Kyle,D
4924,Lawson,Nathan,G
5454,Lazar,Curtis,C
816,Leahy,Patrick,RW
3709,Lebda,Brett,D
11789,Leblanc,Olivier,D
5219,Leblanc,Drew,C
5381,LeBlanc,Peter,C
5045,Leblanc,Louis,C
5147,Lebrie,Pierre-Cedric,LW
443,Lecavalier,Vincent,C
4834,Leddy,Nick,D
4495,Ledin,Per,LW
4410,Lee,Brian,D
4529,Lee,Chris,D
5199,Lee,Anders,C
876,Leeb,Brad,RW
3852,Lefebvre,Guillaume,LW
679,Legace,Manny,G
5389,Leggio,David,G
359,Legwand,David,C
10064,Lehkonen,Artturi,LW
4867,Lehner,Robin,G
3770,Lehoux,Yanick,C
5386,Lehtera,Jori,C
4856,Lehtivuori,Joonas,D
4036,Lehtonen,Mikko,RW
994,Lehtonen,Kari,G
5857,Leier,Taylor,LW
507,Leighton,Michael,G
4503,Leino,Ville,LW
5917,Leipsic,Brendan,C
5265,Leivo,Josh,LW
11734,Lemieux,Brendan,LW
413,Leopold,Jordan,D
4391,Lepisto,Sami,D
5399,Lerg,Bryan,LW
9057,Lernout,Brett,D
220,Leschyshyn,Curtis,D
11804,Leslie,Zachary,D
3638,Lessard,Junior,RW
709,Lessard,Francis,RW
5258,Lessio,Lucas,LW
4030,Letang,Kris,D
4730,Letestu,Mark,C
4560,Letourneau-Leblond,Pierre-Luc,LW
316,Letowski,Trevor,RW
4475,Levasseur,Jean-Philippe,G
11754,Leveille,Daultan,C
11750,Lewington,Tyler,D
4597,Lewis,Trevor,C
4633,Lewis,Grant,D
11494,Liambas,Mike,LW
5348,Lieuwen,Nathan,G
3893,Liffiton,David,D
517,Liles,John-Michael,D
264,Lilja,Andreas,D
4887,Lindback,Anders,G
9054,Lindberg,Tobias,RW
5533,Lindberg,Oscar,C
5347,Lindblad,Matt,C
5471,Lindbohm,Petteri,D
5910,Lindell,Esa,D
5690,Lindgren,Jesper,D
9072,Lindgren,Charlie,G
4713,Lindgren,Perttu,C
1118,Lindgren,Mats,C
5228,Lindholm,Hampus,D
5260,Lindholm,Elias,C
12286,Lindholm,Anton,D
763,Lindsay,Bill,LW
3872,Lindstrom,Joakim,C
317,Ling,David,RW
4783,Linglet,Charles,LW
5909,Lipon,J.C.,LW
4055,Lisin,Enver,RW
4297,Little,Bryan,C
922,Little,Neil,G
4374,Locke,Corey,C
11869,Lodge,Jimmy,C
4227,Lojek,Martin,D
4738,Loktionov,Andrei,C
414,Lombardi,Matthew,C
11768,Lomberg,Ryan,LW
5678,Looke,Jens,RW
5920,Loov,Viktor,D
5781,Lorentz,Steven,C
12000,Lorito,Matthew,RW
4485,LoVecchio,Jeff,LW
4583,Lovejoy,Ben,D
11805,LoVerde,Vincent,D
5550,Lowe,Keegan,D
5456,Lowry,Adam,LW
415,Lowry,Dave,LW
648,Loyns,Lynn,C
9629,Luc-Dubois,Pierre,LW
12245,Lucia,Mario,LW
4299,Lucic,Milan,LW
454,Lukowich,Brad,D
4291,Lundin,Mike,D
493,Lundmark,Jamie,C
3647,Lundqvist,Henrik,G
4152,Lundqvist,Joel,C
860,Luoma,Mikko,D
272,Luongo,Roberto,G
63,Lupul,Joffrey,LW
871,Lynch,Doug,D
996,Lysak,Brett,C
10091,Lyubimov,Roman,LW
5259,Maatta,Olli,D
3631,MacArthur,Clarke,LW
11733,MacDermid,Kurtis,D
4630,MacDonald,Andrew,D
3660,MacDonald,Craig,C
4070,MacDonald,Joey,G
662,MacDonald,Craig,C
832,MacDonald,Jason,RW
4476,Macenauer,Maxime,C
12248,MacEwen,Zack,C
4427,Machacek,Spencer,D
4337,MacIntyre,Drew,G
4506,MacIntyre,Steve,LW
4652,Mackenzie,Aaron,D
879,MacKenzie,Derek,C
5231,MacKinnon,Nathan,C
817,MacMillan,Jeff,D
4477,MacMillan,Logan,C
5535,MacWilliam,Andrew,D
108,Madden,John,C
11862,Maggio,Daniel,D
4895,Magnan,Olivier,D
12505,Maguire,Sean,G
11858,Magyar,Nick,RW
170,Mair,Adam,C
336,Majesky,Ivan,D
4824,Makarov,Igor,RW
924,Malec,Tomas,D
5697,Malgin,Denis,C
666,Malhotra,Manny,C
3652,Malkin,Evgeni,C
4319,Malmivaara,Olli,D
475,Malone,Ryan,LW
12472,Malone,Sean,C
5048,Malone,Brad,C
302,Maltby,Kirk,LW
4239,Mancari,Mark,RW
1041,Manderville,Kent,C
5761,Mangiapane,Andrew,LW
906,Manlow,Eric,C
1121,Mann,Cameron,RW
5087,Manning,Brandon,D
5477,Manson,Josh,D
5413,Mantha,Anthony,RW
744,Mapletoft,Justin,C
555,Mara,Paul,D
4692,Marchand,Brad,LW
318,Marchant,Todd,C
5322,Marchenko,Alexey,D
5473,Marchessault,Jonathan,C
583,Marchment,Bryan,D
11770,Marchment,Mason,LW
12020,Marchment,Jake,C
12015,Marcotte,Louick,RW
5305,Marincin,Martin,D
5749,Marino,John,D
3899,Marjamaki,Masi,LW
572,Markkanen,Jussi,G
206,Markov,Andrei,D
243,Markov,Danny,D
5545,Markov,Andrey,G
4874,Markstrom,Jacob,G
376,Marleau,Patrick,C
5599,Marner,Mitchell,C
5753,Marody,Cooper,C
4854,Maroon,Patrick,LW
5795,Marsh,Adam,LW
4857,Marshall,Kevin,D
107,Marshall,Grant,RW
11827,Martel,Danick,LW
5698,Martenet,Chris,D
813,Martensson,Tony,C
4661,Martin,St. Pierre,C
97,Martin,Paul,D
11705,Martin,Spencer,G
4767,Martin,Matthew,LW
5401,Martindale,Ryan,C
4512,Martinez,Alec,D
5495,Martinook,Jordan,LW
738,Martins,Steve,C
5854,Martinsen,Andreas,LW
4930,Mashinter,Brandon,LW
668,Mason,Chris,G
4439,Mason,Steve,G
5751,Massie,Jake,D
5921,Matheson,Michael,D
4808,Matsumoto,Jon,C
1086,Matteau,Stefan,LW
9627,Matthews,Auston,C
4353,Matthias,Shawn,C
11844,Mattson,Nick,D
41,Matvichuk,Richard,D
1001,Mauldin,Greg,C
4593,Maxwell,Ben,C
432,May,Brad,LW
4522,Mayer,Robert,G
539,Mayers,Jamal,RW
5364,Mayfield,Scott,D
4606,Mayorov,Maxim,LW
5291,Mazanec,Marek,G
1112,McAlpine,Chris,D
417,McAmmond,Dean,LW
4578,McArdle,Kenndal,LW
9640,McAvoy,Charles,D
4773,McBain,Jamie,D
5362,McCabe,Jake,D
5824,McCann,Jared,C
5893,McCarron,Michael,RW
89,McCarthy,Sandy,RW
506,McCarthy,Steve,D
4755,McCarthy,John,LW
303,McCarty,Darren,RW
377,McCauley,Alyn,C
3707,McClement,Jay,C
4843,McCollum,Thomas,G
11842,McCool,Hayden,C
5844,McCormick,Max,LW
631,McCormick,Cody,C
11746,McCoshen,Ian,D
5576,McDavid,Connor,C
4852,McDonagh,Ryan,D
647,McDonald,Andy,C
4741,McDonald,Colin,RW
655,McDonell,Kent,RW
4310,McElhinney,Curtis,G
11788,McEneny,Evan,D
5916,McFarland,John,LW
5839,McGinn,Brock,LW
4564,McGinn,Jamie,LW
5148,McGinn,Tye,LW
3712,McGrattan,Brian,RW
5308,McIlrath,Dylan,D
1064,McInnis,Marty,LW
5043,McIntyre,David,C
10095,McIntyre,Zane,G
4377,McIver,Nathan,D
1088,McKay,Randy,RW
171,McKee,Jay,D
5331,McKegg,Greg,C
4619,McKenna,Mike,G
683,McKenna,Steve,LW
743,McKenzie,Jim,LW
5470,McKenzie,Curtis,LW
11793,McKeown,Roland,D
835,McLaren,Steve,LW
4701,McLaren,Frazer,LW
378,McLaren,Kyle,D
4614,McLean,Kurtis,C
643,McLean,Brett,C
603,McLennan,Jamie,G
9638,McLeod,Michael,C
4342,McLeod,Cody,LW
4795,Mcmillan,Brandon,C
4978,McMillan,Carson,RW
5041,McNabb,Brayden,D
11762,McNally,Brandon,RW
5565,McNally,Patrick,D
5114,McNeill,Mark,C
783,McNeill,Grant,D
4809,McNicoll,Cedric,C
4698,McQuaid,Adam,D
4937,McRae,Philip,C
5818,Medvedev,Evgeny,D
3690,Meech,Derek,D
11604,Megan,Wade,C
11778,Megna,Jaycob,D
5279,Megna,Jayson,C
5604,Meier,Timo,RW
5316,Melchiori,Julian,D
476,Melichar,Josef,D
4214,Melin,Bjorn,LW
5635,Meloche,Nicolas,D
4746,Mercier,Justin,C
5625,Merkley,Nick,RW
5299,Merrill,Jon,D
5885,Mersch,Michael,C
3648,Meszaros,Andrej,D
5774,Metcalf,Garrett,G
4240,Methot,Marc,D
1066,Metropolit,Glen,C
11867,Meurs,Garrett,C
972,Meyer,Frederick,D
4312,Meyer,Stefan,LW
4850,Meyer,Freddy,D
266,Mezei,Branislav,D
11765,Miceli,Angelo,C
12478,Michalek,Steve,G
379,Michalek,Milan,RW
895,Michalek,Zbynek,D
5023,Miele,Andy,C
42,Miettinen,Antti,RW
4461,Mihalik,Vladmir,D
4010,Mikhnov,Alexei,LW
4165,Mikkelson,Brendan,D
5722,Mikkola,Niko,D
5436,Milano,Sonny,LW
5161,Miller,J.T.,C
5298,Miller,Kevan,D
5402,Miller,Andrew,C
5563,Miller,Colin,D
720,Miller,Aaron,D
820,Miller,Kevin,C
4261,Miller,Drew,LW
178,Miller,Ryan,G
957,Milley,Norman,RW
4899,Mills,Bradley,C
4383,Minard,Chris,LW
927,Mink,Graham,LW
496,Mironov,Boris,D
5696,Mironov,Andrei,D
1,Mitchell,Willie,D
10180,Mitchell,Zack,RW
11868,Mitchell,Garrett,RW
4550,Mitchell,John,C
4283,Mitchell,Torrey,RW
284,Modry,Jaroslav,D
29,Moen,Travis,LW
3866,Mojzis,Tomas,D
4447,Mole,Mike,G
11774,Molin,Emil,C
12348,Molino,Griffen,C
4513,Moller,Oscar,C
5242,Monahan,Sean,C
4500,Monast,Guillaume,D
4954,Montaya,Al,G
5672,Montembeault,Samuel,G
11648,Montour,Brandon,D
4645,Montoya,Al,G
4328,Moore,Greg,RW
4542,Moore,Mike,D
4959,Moore,John,D
696,Moore,Steve,C
733,Moore,Dominic,C
11811,Moore,Trevor,C
87,Moran,Ian,D
910,Moran,Brad,C
805,Morgan,Jason,C
11715,Morin,Samuel,D
4825,Morin,Jeremy,LW
4838,Morin,Travis,C
4390,Mormina,Joey,D
477,Morozov,Aleksey,RW
519,Morris,Derek,D
4543,Morris,Mike,RW
433,Morrison,Brendan,C
5708,Morrison,Brad,C
5808,Morrison,Kenny,D
3769,Morrison,Michael,G
856,Morrisonn,Shaone,D
5930,Morrissey,Joshua,D
5132,Morrow,Joe,D
47,Morrow,Brenden,LW
5332,Moser,Simon,C
5557,Moses,Steve,RW
4180,Moss,David,RW
4770,Motin,Johan,D
4288,Mottau,Mike,D
10070,Motte,Tyler,C
923,Motzko,Joe,RW
5529,Mouillierat,Kael,LW
4322,Moulson,Matt,LW
779,Mowers,Mark,RW
5770,Moy,Tyler,C
8958,Mozik,Vojtech,D
5163,Mrazek,Petr,G
1062,Muckalt,Bill,RW
4263,Mueller,Peter,C
5446,Mueller,Mirco,D
4928,Mueller,Chris,C
4938,Mueller,Marcel,C
852,Muir,Bryan,D
1013,Muller,Kirk,LW
965,Munro,Adam,G
478,Murley,Matt,LW
12499,Murphy,Trevor,D
4817,Murphy,Mike,G
4996,Murphy,Ryan,D
5293,Murphy,Connor,D
4266,Murphy,Cory,D
3802,Murray,Doug,D
4272,Murray,Brady,C
916,Murray,Garth,LW
4344,Murray,Andrew,C
4378,Murray,Chris,C
86,Murray,Glen,RW
244,Murray,Marty,C
5894,Murray,Matthew,G
5115,Murray,Ryan,D
4841,Mursak,Jan,LW
5689,Musil,Adam,C
5546,Musil,David,D
4888,Muzzin,Jake,D
4659,Myers,Tyler,D
11785,Myers,Philippe,D
1126,Myhres,Brantt,RW
954,Myrvold,Anders,D
157,Nabokov,Evgeni,G
556,Nagy,Ladislav,LW
5915,Nakladal,Jakub,D
5136,Namestnikov,Vladislav,C
4810,Nash,Riley,C
4955,Nash,Brendon,D
319,Nash,Rick,LW
557,Nash,Tyson,LW
3876,Nasreddine,Alain,D
11834,Nastasiuk,Zach,RW
5653,Nattinen,Julius,C
5326,Nattinen,Joonas,C
639,Nazarov,Andrei,LW
4501,Neal,James,LW
11703,Nedeljkovic,Alex,G
320,Nedorost,Andrej,LW
767,Nedorost,Vaclav,C
4650,Negrin,John,D
11812,Nehring,Chad,C
221,Neil,Chris,RW
5742,Neill,Carl,D
9050,Nelson,Casey,D
5226,Nelson,Brock,C
5361,Nemeth,Patrik,D
4972,Nemisz,Greg,RW
5076,Ness,Aaron,D
5510,Nesterov,Nikita,D
5407,Nestrasil,Andrej,C
4626,Neuvirth,Michal,G
4186,Newbury,Kris,C
5247,Nichushkin,Valeri,RW
4667,Nickerson,Matt,D
540,Nickulas,Eric,RW
4868,Niederreiter,Nino,RW
4211,Nielsen,Frans,C
5660,Nielsen,Andrew,D
4493,Niemi,Antti,G
22,Nieminen,Ville,LW
5256,Nieto,Matthew,LW
11292,Nieves,Cristoval,C
5146,Nihlstorp,Cristopher,G
4904,Nikitin,Nikita,D
520,Nikolishin,Andrei,C
5793,Niku,Sami,D
4330,Nikulin,Alexander,C
267,Nilson,Marcus,LW
5033,Nilsson,Anders,G
3668,Nilsson,Robert,C
4453,Niskala,Janne,D
4300,Niskanen,Matt,D
4532,Nodl,Andreas,RW
5544,Noesen,Stefan,RW
12294,Nogier,Nelson,D
3669,Nokelainen,Petteri,C
4341,Nolan,Brandon,C
5077,Nolan,Jordan,C
3711,Nordgren,Niklas,RW
4259,Nordqvist,Jonas,C
5251,Nordstrom,Joakim,C
4848,Noreau,Maxim,D
652,Noronen,Mika,G
5896,Nosek,Tomas,LW
5680,Novak,Tommy,C
3878,Novak,Filip,D
599,Novoseltsev,Ivan,RW
3850,Novotny,Jiri,C
4993,Nugent-Hopkins,Ryan,C
4028,Nummelin,Petteri,D
348,Nurminen,Pasi,G
5464,Nurse,Darnell,D
5784,Nutivaara,Markus,D
900,Nycholat,Lawrence,D
5418,Nylander,William,C
9634,Nylander,Alexander,LW
5026,Nyquist,Gustav,C
3688,Nystrom,Eric,LW
4756,Oberg,Evan,D
4932,O'Brien,Jim,C
3859,O'Brien,Doug,D
4034,O'Brien,Shane,D
5452,O'Brien,Liam,C
11850,O'Brien,Zach,RW
4334,O'Byrne,Ryan,D
5816,O'Connor,Matt,G
268,Odelein,Lyle,D
5313,O'Dell,Eric,C
1075,Odgers,Jeff,RW
85,O'Donnell,Sean,D
4031,Oduya,Johnny,D
5531,Oesterle,Jordan,D
10078,O'Gara,Rob,D
435,Ohlund,Mattias,D
4406,Okposo,Kyle,RW
5748,Oldham,Kristian,G
5156,Oleksiak,Jamie,D
5181,Oleksy,Steve,D
3642,Olesz,Rostislav,C
5786,Olhaver,Gustav,C
4826,Olimb,Mathis,C
872,Oliver,David,RW
418,Oliwa,Krzysztof,LW
5865,Olofsson,Gustav,D
5060,Olsen,Dylan,D
11829,Olsen,Ryan,C
983,Olson,Josh,LW
5805,Olson,Tate,D
4618,Olvecky,Peter,LW
4877,Olver,Mark,C
1045,Olvestad,Jimmie,LW
4921,Omark,Linus,LW
4726,O'Marra,Ryan,C
3875,Ondrus,Ben,RW
5832,O'Neill,Brian,RW
245,O'Neill,Jeff,C
5740,Opilka,Luke,G
11328,O'Regan,Daniel,C
4631,O'Reilly,Cal,C
4703,O'Reilly,Ryan,LW
4638,Oreskovic,Phil,D
4718,Oreskovich,Victor,RW
5036,Orlov,Dmitry,D
479,Orpik,Brooks,D
877,Orr,Colton,RW
361,Orszagh,Vladimir,LW
5337,Ortio,Joni,G
768,Ortmyer,Jed,RW
4587,Osala,Oskar,LW
546,Osgood,Chris,G
4547,Oshie,T.J.,RW
71,Ott,Steve,C
3782,Ouellet,Michel,RW
840,Ouellet,Maxime,G
5272,Ouellet,Xavier,D
3691,Oulahen,Ryan,C
3495,Ovechkin,Alex,LW
4483,Oystrick,Nathan,D
4865,Paajarvi,Magnus,LW
4603,Pacioretty,Max,LW
4569,Paddock,Cam,C
3847,Paetsch,Nathan,D
5207,Pageau,Jean-Gabriel,C
5804,Paigin,Ziyat,D
3825,Paille,Daniel,LW
4478,Painchaud,Chad,LW
5483,Pakarinen,Iiro,RW
5178,Palat,Ondrej,LW
5556,Paliotta,Michael,D
5052,Palmer,Jarod,C
4760,Palmieri,Nick,RW
4796,Palmieri,Kyle,RW
11799,Palmquist,Zach,D
4968,Palushaj,Aaron,RW
5811,Panarin,Artemi,LW
1002,Pandolfo,Mike,LW
5167,Panik,Richard,RW
567,Papineau,Justin,C
5370,Paquette,Cedric,C
4827,Paradis,Philippe,C
5826,Parayko,Colton,D
4433,Pardy,Adam,D
4257,Parent,Ryan,D
4231,Parenteau,Pierre-Alexandre,RW
3502,Parise,Zach,LW
667,Park,Richard,RW
5755,Parsells,Adam,D
5385,Pasquale,Edward,G
844,Passmore,Steve,G
5437,Pastrnak,David,RW
5184,Pateryn,Greg,D
4304,Patzold,Dimitri,G
1016,Paul,Jeff,D
5919,Paul,Nick,RW
4321,Pavelec,Ondrej,G
4136,Pavelski,Joe,C
5792,Pavlychev,Nikita,C
944,Payer,Serge,C
5365,Payerl,Adam,C
5292,Pearson,Tanner,LW
5746,Pearson,Chase,C
612,Peat,Stephen,RW
11647,Peca,Matthew,C
4758,Pechurski,Alexander,G
4403,Peckham,Theo,D
5879,Pedan,Andrey,D
1067,Pederson,Denis,C
4649,Pelech,Matt,RW
5856,Pelech,Adam,D
848,Pellerin,Scott,LW
946,Pelletier,Jean-Marc,LW
4437,Pelletier,Pascal,C
4229,Pelley,Rod,C
698,Peluso,Mike,RW
5166,Peluso,Anthony,RW
4772,Penner,Jeffrey,D
3679,Penner,Dustin,LW
11755,Penny,Ryan,LW
11859,Pepin,Alexis,LW
5443,Percy,Stuart,D
3645,Perezhogin,Alexander,C
11511,Perlini,Brendan,LW
3651,Perrault,Joel,C
4720,Perreault,Mathieu,C
1003,Perrin,Eric,C
4307,Perron,David,LW
11779,Perron,Francis,LW
665,Perrott,Nathan,RW
3626,Perry,Corey,RW
5356,Persson,John,LW
5845,Pesce,Brett,D
5190,Pesonen,Harri,C
4452,Pesonen,Janne,LW
5430,Petan,Nicolas,C
172,Peters,Andrew,LW
12033,Peters,Alexander,D
12046,Peters,Taylor,C
4434,Peters,Warren,C
4764,Peters,Justin,G
3900,Petersen,Toby,C
5068,Petersson,Andre,RW
5153,Petrecki,Nick,D
5134,Petreckl,Nick,D
5019,Petrell,Lennart,C
1059,Petrov,Oleg,RW
11776,Petrov,Kirill,RW
5213,Petrovic,Alex,D
338,Petrovicky,Ronald,RW
4624,Petruzalek,Jakub,C
4929,Petry,Jeff,D
11864,Petryk,Reid,C
12004,Petti,Niki,C
967,Pettinen,Tomi,D
148,Pettinger,Matt,LW
4244,Peverley,Rich,C
3661,Phaneuf,Dion,D
222,Phillips,Chris,D
4409,Picard,Alexandre,LW
3501,Picard,Alexandre,LW
4169,Picard,Alexandre,D
4873,Pickard,Chet,G
5467,Pickard,Calvin,G
4960,Pielmeier,Timo,G
4429,Pierre,Martin,C
9048,Pietila,Blake,LW
4548,Pietrangelo,Alex,D
866,Pihlman,Thomas,LW
4372,Pihlstrom,Antti,RW
4678,Pikkarainen,Ilkka,RW
753,Pilar,Karel,D
5739,Pilon,Ryan,D
4418,Pineault,Adam,RW
5188,Pinizzotto,Steven,RW
321,Pirjeta,Lasse,LW
287,Pirnes,Esa,C
339,Piros,Kamil,C
4828,Pirri,Brandon,C
1117,Pisa,Ales,D
3487,Pisani,Fernando,RW
4363,Pisani,Fernando,RW
4533,Pisellini,Gino,RW
4251,Piskula,Joe,D
4811,Pistilli,Matthew,RW
188,Pitkanen,Joni,D
5274,Pitlick,Tyler,RW
685,Pittis,Domenic,C
4845,Pitton,Bryan,G
786,Pivko,Libor,LW
11775,Plachta,Matthias,LW
4445,Plante,Tyler,G
4762,Plante,Alex,D
3800,Platt,Geoff,C
864,Plekanec,Tomas,C
4222,Plihal,Tomas,C
5820,Plotnikov,Sergei,C
69,Poapst,Steve,D
11813,Pochiro,Zach,LW
997,Pock,Thomas,D
1050,Podein,Shjon,LW
992,Podkonicky,Andrej,C
4454,Pogge,Justin,G
10079,Point,Brayden,C
5532,Poirier,Emile,LW
3742,Polak,Vojtech,LW
4052,Polak,Roman,D
855,Pominville,Jason,RW
680,Ponikarovsky,Alexei,LW
870,Popovic,Mark,D
4226,Popperle,Tomas,G
4539,Porter,Kevin,C
4557,Porter,Chris,LW
4967,Postma,Paul,D
625,Pothier,Brian,D
498,Poti,Tom,D
4467,Potter,Corey,D
3892,Potulny,Ryan,C
12460,Poturalski,Andrew,C
4934,Poulin,Kevin,G
3694,Pouliot,Benoit,LW
3885,Pouliot,Marc-Antoine,C
5502,Pouliot,Derrick,D
4534,Powe,Darroll,C
456,Pratt,Nolan,D
4294,Price,Carey,G
381,Primeau,Wayne,C
5523,Prince,Shane,C
3894,Printz,David,D
970,Pronger,Sean,C
54,Prospal,Vaclav,C
4785,Prosser,Nate,D
5094,Prout,Dalton,D
5602,Provorov,Ivan,D
624,Prusek,Martin,G
4097,Prust,Brandon,LW
5530,Puempel,Matt,LW
9630,Puljujarvi,Jesse,RW
5346,Pulkkinen,Teemu,LW
5815,Pulock,Ryan,D
4357,Purcell,Teddy,RW
571,Purinton,Dale,D
3883,Pushkarev,Konstantin,RW
821,Pushor,Jamie,D
4722,Pyatt,Tom,LW
11714,Pyett,Logan,D
4682,Pyorala,Mika,C
5192,Pysyk,Mark,D
11473,Quenneville,John,C
12034,Quenneville,Peter,C
4333,Quick,Jonathan,G
4611,Quick,Kevin,D
3784,Quincey,Kyle,D
9080,Quine,Alan,C
67,Quint,Deron,D
208,Quintal,Stephane,D
5296,Raanta,Antti,G
5360,Racine,Jonathan,D
558,Radivojevic,Branko,RW
5759,Radke,Roy,RW
4100,Radulov,Alexander,RW
28,Radulov,Igor,LW
11826,Raffl,Thomas,C
5267,Raffl,Michael,LW
190,Ragnarsson,Marcus,D
5144,Rakell,Rickard,RW
4923,Rakhshani,Rhett,RW
5053,Rallo,Greg,C
5553,Ramage,John,D
4359,Ramholt,Tim,D
4147,Ramo,Karri,G
5837,Randell,Tyler,RW
5525,Ranford,Brendan,LW
1055,Ranheim,Paul,LW
5605,Rantanen,Mikko,RW
5222,Rask,Joonas,C
5458,Rask,Victor,C
4326,Rask,Tuukka,G
5882,Rasmussen,Dennis,C
103,Rasmussen,Erik,C
11767,Ratelle,Joey,LW
5372,Rattie,Ty,RW
5923,Rau,Kyle,C
959,Ray,Rob,RW
4301,Raymond,Mason,LW
5005,Read,Matt,RW
4892,Reaves,Ryan,RW
4635,Rechlicz,Joel,RW
5782,Reddekopp,Chaz,D
224,Redden,Wade,D
4364,Reddox,Liam,LW
5155,Redmond,Zach,D
4771,Reese,Dylan,D
419,Regehr,Robyn,D
3689,Regehr,Richie,D
3887,Regier,Steve,LW
4615,Regin,Peter,C
5574,Regner,Brent,C
903,Reich,Jeremy,C
587,Reichel,Robert,C
3817,Reid,Darren,RW
5814,Reilly,Mike,D
4862,Reimer,James,G
5129,Reinhart,Griffin,D
5202,Reinhart,Max,C
5416,Reinhart,Sam,C
675,Reinprecht,Steven,C
939,Reirden,Todd,D
3891,Reitz,Erik,D
588,Renberg,Mikael,RW
5496,Rendulic,Borna,RW
11819,Renouf,Daniel,D
4582,Repik,Michal,RW
11735,Reway,Martin,LW
5182,Rheault,Jonathan,RW
703,Rheaume,Pascal,C
440,Ribeiro,Mike,C
383,Ricci,Mike,C
5695,Richard,Anthony,C
11591,Richard,Tanner,C
444,Richards,Brad,C
3489,Richards,Mike,C
4836,Richards,Alec,G
3789,Richardson,Brad,RW
3774,Richmond,Danny,D
5482,Rieder,Tobias,C
5261,Rielly,Morgan,D
4985,Rinaldo,Zac,RW
3810,Rinne,Pekka,G
5534,Rissanen,Rasmus,D
12039,Rissling,Jaynen,D
5253,Ristolainen,Rasmus,D
941,Rita,Jani,LW
269,Ritchie,Byron,C
5432,Ritchie,Nick,LW
5511,Ritchie,Brett,RW
4405,Ritola,Mattias,RW
11724,Rittich,David,G
704,Rivers,Jamie,D
209,Rivet,Craig,D
12047,Roach,Alex,C
3708,Roach,Andy,D
5078,Robak,Colby,D
44,Robidas,Stephane,D
5445,Robins,Bobby,C
12030,Robinson,Eric,C
5681,Robinson,Mike,G
9066,Robinson,Buddy,RW
796,Robinson,Nathan,LW
12,Roche,Travis,D
12025,Rodewald,Jack,RW
11613,Rodin,Anton,RW
4589,Rodney,Bryan,D
9075,Rodrigues,Evan,LW
4551,Rogers,Kyle,RW
769,Rohloff,Todd,D
84,Rolston,Brian,RW
3680,Rome,Aaron,D
12200,Rooney,Steve,C
12247,Rooney,Kevin,C
938,Rosa,Pavel,RW
4697,Rosehill,Jay,LW
5620,Roslovic,Jack,C
4558,Ross,Jared,C
11782,Ross,Garrett,LW
762,Rossiter,Kyle,D
716,Rourke,Allan,D
5157,Roussel,Antoine,LW
11710,Rowney,Carter,RW
831,Roy,Derek,C
3873,Roy,Mathieu,D
5626,Roy,Jeremy,D
5691,Roy,Nicolas,C
5789,Roy,Matt,LW
1042,Rozsival,Michal,D
9648,Rubtsov,German,C
1105,Rudkowsky,Cody,G
5773,Ruggiero,Steven,D
5209,Ruhwedel,Chad,D
11758,Rumble,Chris,D
677,Rumble,Darren,D
4990,Rundblad,David,D
5724,Ruopp,Sam,D
634,Rupp,Michael,RW
5063,Russell,Ryan,LW
4295,Russell,Kris,D
11730,Russo,Robbie,D
5500,Rust,Bryan,RW
5758,Ruusu,Markus,G
31,Ruutu,Tuomo,LW
5810,Ryan,Derek,C
11745,Ryan,Joakim,D
3835,Ryan,Matt,C
3870,Ryan,Prestin,D
4270,Ryan,Bobby,RW
4358,Ryan,Michael,C
5489,Rychel,Kerby,LW
210,Ryder,Michael,RW
5091,Rynnas,Jussi,G
3824,Rypien,Rick,C
3857,Ryznar,Jason,LW
5014,Saad,Brandon,LW
5684,Saarela,Aleksi,C
5668,Saarijarvi,Vili,D
719,Sabourin,Dany,G
5799,Sadek,Jack,D
1076,Safronov,Kirill,D
11717,Saheim,Travis,D
4708,Salak,Alexander,G
4479,Salcido,Brian,D
12032,Salituro,Dante,RW
4525,Salmela,Anssi,D
722,Salmelainen,Tony,RW
437,Salo,Sami,D
5512,Salomaki,Miikka,RW
1092,Salomonsson,Andreas,C
737,Salvador,Bryce,D
4754,Samson,Jerome,RW
5617,Samsonov,Ilya,G
5904,Samuelsson,Henrik,C
79,Samuelsson,Martin,LW
270,Samuelsson,Mikael,RW
5314,Samuelsson,Philip,D
5665,Sandstrom,Felix,G
10082,Sanford,Zachary,C
4681,Sanguinetti,Bobby,D
11718,Sanheim,Travis,D
341,Santala,Tommi,C
9078,Santini,Steven,D
4608,Santorelli,Mike,C
3731,Sarault,Yves,LW
740,Sarno,Peter,C
5877,Saros,Juuse,G
4644,Sauer,Matt,D
11777,Sautner,Ashton,D
650,Sauve,Philippe,G
4801,Sauve,Max,C
4957,Sauve,Yann,D
1108,Savage,Andre,C
5013,Savard,David,D
342,Savard,Marc,C
4627,Sawada,Raymond,RW
4494,Sawyer,Jean-Claude,D
1048,Sawyer,Kevin,LW
4535,Sbisa,Luca,D
4911,Scandella,Marco,D
12048,Scarlett,Reece,D
4948,Sceviour,Colton,C
3746,Schaefer,Nolan,G
225,Schaefer,Peter,LW
5488,Schaller,Tim,C
226,Schastlivy,Petr,LW
5003,Scheifele,Mark,C
5683,Schemitsch,Thomas,D
4552,Schenn,Luke,D
4712,Schenn,Brayden,LW
5439,Scherbak,Nikita,RW
5186,Schilling,Cameron,D
4623,Schlemko,David,D
11713,Schmaltz,Jordan,D
10071,Schmaltz,Nick,C
5729,Schmalz,Matt,RW
5269,Schmidt,Nate,D
362,Schnabel,Robert,D
304,Schneider,Mathieu,D
4575,Schneider,Cory,G
9074,Schneider,Cole,LW
11808,Schoenborn,Alex,RW
4260,Schremp,Rob,C
5150,Schroeder,Jordan,C
3749,Schubert,Christoph,D
4142,Schultz,Jesse,RW
4184,Schultz,Jeff,D
1027,Schultz,Ray,D
609,Schultz,Nick,D
5118,Schultz,Justin,D
748,Schwab,Corey,G
5088,Schwartz,Jaden,LW
4167,Schwarz,Marek,G
4520,Scott,John,LW
11821,Scott,Justin,C
955,Scoville,Darrel,D
5027,Scrivens,Ben,G
934,Scuderi,Robert,D
5390,Sdao,Michael,D
3634,Seabrook,Brent,D
438,Sedin,Daniel,LW
439,Sedin,Henrik,C
10094,Sedlak,Lukas,C
12486,Seeler,Nick,D
4634,Segal,Brandon,RW
4875,Seguin,Tyler,C
858,Seidenberg,Dennis,D
543,Sejna,Peter,LW
5429,Sekac,Jiri,LW
4157,Sekera,Andrej,D
999,Sekeras,Lubomir,D
5193,Selleck,Eric,LW
649,Semenov,Alexei,D
622,Semin,Alexander,RW
5752,Seney,Brett,LW
5610,Senyshyn,Zach,RW
9635,Sergachev,Mikhail,D
11852,Sergeev,Dmitrii,D
11853,Serville,Brennan,D
4424,Sestito,Tim,LW
4731,Sestito,Tom,LW
4316,Setoguchi,Devin,RW
899,Severson,Cam,LW
5453,Severson,Damon,D
4702,Sexsmith,Tyson,G
4744,Sexton,Dan,RW
5154,Sgarbossa,Michael,C
305,Shanahan,Brendan,LW
4035,Shannon,Ryan,C
4446,Shantz,David,G
1015,Shantz,Jeff,C
838,Sharp,Patrick,LW
4734,Sharp,MacGregor,C
4901,Shattenkirk,Kevin,D
5061,Shaw,Andrew,C
5848,Shaw,Logan,RW
5716,Shea,Ryan,D
5787,Shea,Patrick,C
5100,Sheahan,Riley,C
5892,Sheary,Conor,LW
4306,Sheppard,James,LW
5397,Shields,David,D
5860,Shinkaruk,Hunter,C
5490,Shinnimin,Brendan,C
12503,Shipachyov,Vadim,C
4704,Shirokov,Sergei,RW
849,Shishkanov,Timofei,RW
5514,Shore,Nick,C
5850,Shore,Devin,C
5121,Shore,Drew,C
5400,Shugg,Justin,RW
984,Shvidki,Denis,RW
5679,Sideroff,Deven,RW
5651,Siegenthaler,Jonas,D
5809,Sieloff,Patrick,D
4999,Siemens,Duncan,D
4584,Sifers,Jaime,D
4216,Sigalet,Jonathan,D
729,Siklenka,Mike,RW
5106,Silfverberg,Jakob,RW
5294,Sill,Zach,C
463,Sim,Jonathon,LW
4514,Simmonds,Wayne,RW
5732,Simon,Dominik,C
812,Simon,Benjamin,LW
75,Simpson,Todd,D
480,Simpson,Reid,LW
11531,Simpson,Dillon,D
5309,Simpson,Kent,G
4982,Sims,Shane,D
5319,Sislo,Mike,RW
5330,Sissons,Colton,C
5526,Skapski,Mackenzie,G
4349,Skille,Jack,RW
4876,Skinner,Jeff,LW
3676,Skinner,Brett,D
5891,Skjei,Brady,D
11771,Skladnichenko,Nikolai,RW
524,Skrastins,Karlis,D
966,Slaney,John,D
3684,Slater,Jim,C
5866,Slavin,Jaccob,D
605,Slegr,Jiri,D
5812,Slepyshev,Anton,LW
4559,Sloan,Tyler,D
815,Sloan,Blake,RW
4290,Smaby,Matt,D
5733,Smallman,Spencer,RW
3627,Smid,Ladislav,D
61,Smirnov,Alexei,LW
399,Smith,Jason,D
3628,Smith,Jordan,D
3761,Smith,Dan,D
10096,Smith,Gemel,C
12349,Smith,C.J.,LW
5491,Smith,Colin,C
5800,Smith,Evan,G
1098,Smith,D.J.,D
3486,Smith,Mike,G
4574,Smith,Zack,C
4602,Smith,Trevor,C
4829,Smith,Ben,RW
4966,Smith,Derek,D
5012,Smith,Craig,C
5032,Smith,Brendan,D
5092,Smith,Reilly,RW
5128,Smith,Jeremy,G
5007,Smith-Pelly,Devante,RW
801,Smithson,Jerred,C
4577,Smolenak,Radek,LW
4415,Smotherman,Jordan,LW
400,Smyth,Ryan,LW
1114,Smyth,Brad,RW
5051,Sneep,Carl,D
133,Snow,Garth,G
1079,Snyder,Dan,C
4336,Sobotka,Vladimir,LW
5215,Soderberg,Carl,C
193,Somik,Radovan,RW
5767,Song,Andong,D
882,Sonnenberg,Martin,LW
427,Sopel,Brent,D
10085,Sorensen,Nick,RW
11740,Sorensen,Marcus,RW
4448,Soryal,Justin,LW
5925,Soshnikov,Nikita,RW
5703,Spacek,Michael,RW
324,Spacek,Jaroslav,D
4749,Spaling,Nick,C
5878,Sparks,Garret,G
5662,Speers,Blake,C
5639,Spencer,Matthew,D
228,Spezza,Jason,C
560,Spiller,Matthew,D
5112,Spooner,Ryan,C
5640,Sprong,Daniel,RW
5377,Sproul,Ryan,D
4071,Sprukts,Janis,C
4444,Spurgeon,Tyler,C
4918,Spurgeon,Jared,D
4812,Staal,Jared,RW
4029,Staal,Jordan,C
4292,Staal,Marc,D
247,Staal,Eric,C
4101,Stafford,Drew,RW
4400,Stafford,Garrett,D
401,Staios,Steve,D
590,Stajan,Matt,C
4690,Stalberg,Viktor,LW
4947,Stalock,Alex,G
4457,Stamkos,Steven,C
766,Stana,Rastislav,G
9644,Stanley,Logan,D
4835,Stanton,Ryan,D
4628,Stapleton,Tim,RW
3696,Stastny,Yan,C
4019,Stastny,Paul,C
4544,Staubitz,Brad,RW
5031,St-Denis,Frederic,D
10108,Stecher,Troy,D
3836,Steckel,David,LW
9656,Steel,Sam,C
3713,Steen,Alexander,LW
343,Stefan,Patrik,C
3720,Stempniak,Lee,RW
5652,Stenlund,Kevin,C
4885,Stepan,Derek,C
4308,Stephan,Tobias,G
5628,Stephens,Mitchell,C
5717,Stephens,Devante,D
711,Stephens,Charlie,C
4242,Stephenson,Shay,LW
5838,Stephenson,Chandler,C
4276,Sterling,Brett,LW
5721,Stevens,Luke,LW
3785,Stevenson,Grant,C
3643,Stewart,Anthony,C
11848,Stewart,Mackenze,D
4423,Stewart,Gregory,LW
4579,Stewart,Chris,RW
5706,Stezka,Ales,G
246,St. Jacques,Bruno,D
458,St. Louis,Martin,RW
4747,Stoa,Ryan,C
598,Stock,P.J.,C
11348,Stolarz,Anthony,G
695,Stoll,Jarret,C
5324,Stollery,Karl,D
5081,Stone,Michael,D
5105,Stone,Mark,RW
4750,Stoner,Clayton,D
699,Storr,Jamie,G
4221,Stortini,Zack,RW
3759,St. Pierre,Martin,C
4595,Strachan,Tyson,D
4962,Strait,Brian,D
5516,Straka,Petr,RW
4311,Stralman,Anton,D
12044,Stransky,Matej,RW
464,Strbak,Martin,D
5164,Street,Ben,C
3665,Streit,Mark,D
4997,Strome,Ryan,C
5598,Strome,Dylan,C
1007,Stroshein,Garret,RW
23,Strudwick,Jason,D
4343,Stuart,Colin,LW
3629,Stuart,Mark,D
672,Stuart,Brad,D
289,Stumpel,Jozef,C
384,Sturm,Marco,LW
988,Stutzel,Mike,LW
5528,Subban,Malcolm,G
4671,Subban,P.K.,D
11737,Subban,Jordan,D
561,Suchy,Radoslav,D
875,Suglobov,Aleksander,RW
4616,Sulzer,Alexander,D
4940,Summers,Chris,D
5819,Sundqvist,Oskar,C
5345,Sundstrom,Johan,C
1011,Surma,Damian,LW
764,Surovy,Tomas,LW
5195,Sustr,Andrej,D
3714,Suter,Ryan,D
149,Sutherby,Brian,C
4490,Sutter,Brandon,C
4599,Sutter,Brett,C
5466,Sutter,Brody,C
1116,Svartvadet,Per,C
525,Svatos,Marek,RW
5614,Svechnikov,Evgeny,LW
5830,Svedberg,Viktor,D
5229,Svedberg,Niklas,G
745,Svitov,Alexander,C
248,Svoboda,Jaroslav,RW
5803,Svoboda,Miroslav,G
909,Swanson,Brian,C
5138,Sweatt,Bill,LW
55,Sykora,Petr,RW
3760,Syvret,Danny,D
4576,SzCzechura,Paul,C
5283,Szwarz,Jordan,RW
774,Taffe,Jeff,C
5277,Talbot,Cam,G
3710,Talbot,Maxime,RW
4837,Talbot,Julien,C
3777,Tallackson,Barry,D
175,Tallinder,Henrik,D
3796,Tambellini,Jeff,LW
12012,Tambellini,Adam,C
345,Tamer,Chris,D
5713,Tammela,Jonne,RW
9068,Tanev,Brandon,LW
4939,Tanev,Christopher,D
4792,Tangradi,Eric,LW
526,Tanguay,Alex,LW
4880,Taormina,Matt,D
5135,Tarasenko,Vladimir,RW
5521,Tarasov,Daniil,RW
5159,Tardif,Jamie,RW
3739,Tarnasky,Nick,LW
482,Tarnstrom,Dick,D
4864,Tatar,Tomas,LW
3854,Taticek,Petr,C
4680,Tavares,John,C
4414,Taylor,Daniel,G
176,Taylor,Chris,C
460,Taylor,Tim,C
4908,Tedenby,Mattias,RW
671,Tellqvist,Mikael,G
4112,Tenkrat,Petr,RW
5198,Tennyson,Matt,D
3869,Tenute,Joey,LW
5355,Teravainen,Teuvo,C
4813,Terry,Chris,LW
5738,Terry,Troy,C
4536,Teslak,Michael-Lee,G
661,Tetarenko,Joey,RW
5028,Teubert,Colten,D
5900,Theodore,Shea,D
673,Therien,Chris,D
4860,Thiessen,Brad,G
4360,Thomas,William,RW
3884,Thomas,Bill,RW
1100,Thomas,Tim,G
5175,Thomas,Christian,LW
5906,Thompson,Paul,RW
9652,Thompson,Tage,C
4072,Thompson,Nate,C
12464,Thomson,Ben,LW
3801,Thorburn,Chris,C
4362,Thoresen,Patrick,LW
82,Thornton,Joe,C
911,Thornton,Shawn,LW
4719,Thuresson,Andreas,RW
5447,Tierney,Chris,C
5762,Tiffels,Frederik,LW
4540,Tikhonov,Viktor,RW
5720,Timashov,Dmytro,LW
4945,Timmins,Scott,C
4135,Timonen,Jussi,D
363,Timonen,Kimmo,D
5189,Tinordi,Jarred,D
731,Tjarnqvist,Daniel,D
760,Tjarnqvist,Mathias,LW
9632,Tkachuk,Matthew,LW
4313,Tlusty,Jiri,C
4262,Toews,Jonathan,C
5191,Toffoli,Tyler,RW
3630,Toivonen,Hannu,G
4759,Tokarski,Dustin,G
9055,Tolchinsky,Sergey,LW
3783,Tollefsen,Ole-Kristian,D
4285,Tolpeko,Denis,RW
5685,Tomek,Matej,G
1111,Toms,Jeff,LW
364,Tootoo,Jordin,RW
4637,Tordjman,Josh,G
402,Torres,Raffi,LW
610,Toskala,Vesa,G
1087,Traverse,Patrick,D
346,Tremblay,Yannick,D
5649,Trenin,Yakov,C
1090,Trepanier,Pascal,D
5924,Treutle,Niklas,G
804,Tripp,John,RW
615,Trnka,Pavel,D
5342,Trocheck,Vincent,C
11999,Troock,Branden,RW
5029,Tropp,Corey,RW
5317,Trotman,Zach,D
4765,Trotter,Brock,LW
5232,Trouba,Jacob,D
8911,Tryamkin,Nikita,C
11711,Tuch,Alex,RW
9651,Tufte,Riley,LW
4238,Tukonen,Lauri,RW
11849,Turgeon,Dominic,C
5089,Turnbull,Travis,C
4420,Turris,Kyle,C
5776,Tuulola,Joni,D
1029,Tverdovsky,Oleg,D
991,Tvrdon,Roman,C
11839,Tvrdon,Marek,RW
12246,Tynan,T.J.,C
4886,Tyrell,Dana,C
936,Tyutin,Fedor,D
4166,Uchevatov,Victor,D
5506,Uher,Dominik,C
874,Ulanov,Igor,D
5842,Ullmark,Linus,G
5035,Ullstrom,David,LW
12014,Ully,Cole,LW
1009,Ulmer,Layne,C
3750,Umberger,R.J.,LW
723,Upshall,Scottie,RW
4881,Urbom,Alexander,D
563,Vaananen,Ossi,D
5745,Vainio,Veeti,D
12023,Vaive,Justin,LW
4407,Valabik,Boris,D
775,Valicevic,Robert,RW
8865,Valiev,Ranit,D
792,Valiquette,Stephen,G
1035,Valk,Garry,LW
229,Van Allen,Shaun,C
5359,Van Brabant,Bryce,LW
608,VandenBussche,Ryan,RW
4629,Van Der Gulik,David,LW
194,Vandermeer,Jim,D
3646,Vandermeer,Pete,LW
5677,Vande Sompel,Mitchell,D
4969,Vande Velde,Chris,C
3632,Vanek,Thomas,LW
5358,Van Guilder,Mark,C
5705,Van Pottelberghe,Joren,G
5460,van Riemsdyk,Trevor,D
4683,van Riemsdyk,James,LW
230,Varada,Vaclav,RW
4592,Varlamov,Semyon,G
5328,Varone,Philip,C
249,Vasicek,Josef,C
5420,Vasilevskiy,Andrei,G
5158,Vatanen,Sami,D
5851,Vatrano,Frank,C
705,Vauclair,Julien,D
12461,Vecchione,Mike,C
956,Veilleux,Stephane,LW
5682,Vejdemo,Lukas,C
5741,Vejmelka,Karel,G
5785,Vela,Marcus,C
12003,Verhaeghe,Carter,C
231,Vermette,Antoine,C
5864,Vermin,Joel,RW
4640,Vernace,Michael,D
892,Vernarsky,Kris,C
11847,Verrier,Jerome,RW
4346,Versteeg,Kris,LW
4625,Vesce,Ryan,RW
10062,Vesey,Jimmy,LW
5290,Vey,Linden,RW
347,Vigier,Jean-Pierre,RW
4951,Vincour,Tomas,C
5423,Virtanen,Jake,RW
5375,Visentin,Mark,G
52,Vishnevski,Vitaly,D
4502,Vishnevski,Ivan,D
4653,Vishnevskiy,Ivan,D
290,Visnovsky,Lubomir,D
4952,Vitale,Joe,LW
5670,Vladar,Daniel,G
4021,Vlasic,Marc-Edouard,D
11736,Vogelhuber,Trent,RW
232,Volchenkov,Anton,D
4925,Volpatti,Aaron,LW
4497,Voracek,Jakub,RW
607,Vorobiev,Pavel,RW
5699,Vorobyov,Mikhail,C
4325,Voros,Aaron,C
4670,Voynov,Viatcheslav,D
4526,Vrana,Petr,C
11472,Vrana,Jakub,LW
250,Vrbata,Radim,RW
1040,Vujtek,Vladimir,LW
5694,Wagner,Austin,LW
5469,Wagner,Chris,RW
4279,Wagner,Steve,D
935,Walker,Matt,D
11836,Walker,Jack,LW
3681,Wall,Michael,G
4586,Wallace,Tim,RW
684,Wallin,Niclas,D
974,Wallin,Rickard,C
1101,Wallin,Jesse,D
11727,Wallmark,Lucas,C
641,Walser,Derrick,D
3849,Walter,Ben,C
4588,Wandell,Tom,C
5394,Wannstrom,Sebastian,RW
678,Ward,Lance,RW
1023,Ward,Dixon,LW
3500,Ward,Cam,G
4182,Ward,Joel,RW
213,Ward,Jason,RW
11796,Warner,Hunter,D
5676,Warren,Brendan,LW
1084,Warriner,Todd,LW
5315,Warsofsky,David,D
4442,Wathier,Francis,LW
5080,Watkins,Matt,RW
5204,Watson,Austin,LW
11761,Watson,Jamal,LW
11809,Watson,Spencer,RW
5831,Weal,Jordan,RW
931,Weaver,Mike,D
706,Webb,Steve,RW
5396,Weber,Will,D
4607,Weber,Yannick,D
3846,Weber,Shea,D
4314,Weber,Mike,D
8952,Wedgewood,Scott,G
12274,Weegar,MacKenzie,D
4287,Weiman,Tyler,G
4851,Weise,Dale,RW
746,Weiss,Stephen,C
3879,Welch,Noah,D
4280,Weller,Craig,D
4774,Wellman,Casey,C
881,Wellwood,Kyle,C
5101,Welsh,Jeremy,C
5449,Wennberg,Alexander,C
11815,Werek,Ethan,C
5603,Werenski,Zach,D
252,Wesley,Glen,D
327,Westcott,Duvie,D
1026,Westlund,Tommy,LW
973,Westrum,Erik,C
5306,Wey,Patrick,D
4430,Wheeler,Blake,RW
4721,White,Ryan,C
651,White,Peter,C
5616,White,Colin,C
5692,White,Colton,D
3882,White,Ian,D
233,White,Todd,C
839,Whitfield,Trent,C
4432,Whitmore,Derek,C
3755,Whitney,Ryan,D
5329,Whitney,Joe,RW
4853,Wick,Roman,RW
5817,Wideman,Chris,D
11757,Wideman,Alex,LW
3672,Wideman,Dennis,D
4971,Wiercioch,Patrick,D
11722,Wilcox,Adam,G
5757,Wilkie,Christopher,RW
4468,Wilkman,Miika,G
5911,Will,Roman,G
5768,Williams,Colby,D
196,Williams,Justin,RW
307,Williams,Jason,RW
4241,Williams,Jeremy,RW
807,Willis,Shane,RW
150,Willsie,Brian,RW
885,Wilm,Clarke,C
564,Wilson,Landon,RW
4411,Wilson,Clay,D
4676,Wilson,Colin,LW
4711,Wilson,Ryan,D
5225,Wilson,Tom,RW
5351,Wilson,Garrett,LW
5492,Wilson,Scott,C
4748,Wilson,Kyle,C
3730,Winchester,Brad,LW
4413,Winchester,Jesse,C
4879,Wingels,Tommy,C
4281,Winnik,Daniel,C
4309,Wirtanen,Petteri,C
880,Wiseman,Chad,LW
4604,Wishart,Ty,D
3865,Wisniewski,James,D
5515,Witkowski,Luke,D
151,Witt,Brendan,D
5702,Wolanin,Christian,D
5519,Wolf,David,LW
3716,Wolski,Wojtek,LW
9079,Wood,Miles,LW
11747,Wood,Kyle,D
5504,Woods,Brendan,LW
824,Worrell,Peter,LW
5343,Wotherspoon,Tyler,D
5707,Wotherspoon,Parker,D
3719,Woywitka,Jeff,D
3673,Wozniewski,Andy,D
1052,Wright,Jamie,LW
5410,Wright,James,C
4737,Wyman,James,RW
859,Yablonski,Jeremy,RW
5463,Yakimov,Bogdam,C
11855,Yakimowicz,C.J.,RW
799,Yakubov,Mikhail,C
5119,Yakupov,Nail,RW
5659,Yan,Dennis,LW
4051,Yandle,Keith,D
998,Yeats,Matthew,G
421,Yelle,Stephane,C
4751,Yip,Brandon,RW
658,Yonkman,Nolan,D
5024,York,Allen,G
403,York,Michael,C
70,Young,Scott,RW
4246,Young,Bryan,D
1047,Yushkevich,Dmitry,D
11816,Zaar,Daniel,RW
4797,Zaborsky,Tomas,C
5601,Zacha,Pavel,C
5270,Zadorov,Nikita,D
10057,Zaitsev,Nikita,D
4032,Zajac,Travis,C
976,Zalesak,Miroslav,RW
5376,Zalewski,Michael,LW
4710,Zalewski,Steven,C
5133,Zatkoff,Jeff,G
11759,Zay,Matthew,LW
5608,Zboril,Jakub,D
5674,Zborovskiy,Sergey,D
4234,Zeiler,John,C
5503,Zepp,Rob,G
309,Zetterberg,Henrik,LW
4742,Zharkov,Vladimir,RW
810,Zherdev,Nikolay,RW
5709,Zhukenov,Dmitry,C
5000,Zibanejad,Mika,C
367,Zidlicky,Marek,D
697,Zinovjev,Sergei,C
623,Zizka,Tomas,D
12040,Zlobin,Anton,RW
5020,Zolnierczyk,Harrison,LW
4976,Zubarev,Andrei,D
4379,Zubov,Ilya,C
152,Zubrus,Dainius,C
4927,Zuccarello,Mats,LW
5093,Zucker,Jason,LW
5736,Zuhlsdorf,Ryan,D
12249,Zykov,Valentin,LW
